plant.sp,bird.sp,source,foraging.behaviour,fruitstime,gape.width,frdiam
Miconia_ligustroides,Pitangus_sulphuratus,Allenspach_et_al._(2012),(a) Gulpers,11.78,16.35,5.715
Schinus_terebinthifolius,Tersina_viridis,de_Jesus_e_Monteiro-Filho_(2007),(b) Mashers,36.67,15.2,5.1
Euterpe_edulis,Trogon_viridis,C?rtes_(2003),(a) Gulpers,10,23.5,13.3575
Euterpe_edulis,Turdus_rufiventris,Castro_(2003),(a) Gulpers,4,14.50625,13.3575
Copaifera_langsdorffii,Turdus_amaurochalinus,Motta-Jr_e_Lombardi_(1990),(a) Gulpers,2.8,12.48,9
Pera_glabrata,Leptotila_rufaxilla,Gondim_(2002),(a) Gulpers,4,8.642857143,3.7075
Euterpe_edulis,Turdus_flavipes,Castro_(2003),(a) Gulpers,30,13.21818182,13.3575
Myrsine_coriacea,Turdus_rufiventris,Blendinger,(a) Gulpers,2.8,14.50625,3.262
Euterpe_edulis,Trogon_viridis,Castro_(2003),(a) Gulpers,2.775,23.5,13.3575
Euterpe_edulis,Turdus_albicollis,Castro_(2003),(a) Gulpers,2.5,12.51891892,13.3575
Myrsine_coriacea,Turdus_rufiventris,de_Jesus_e_Monteiro-Filho_(2007),(a) Gulpers,24.864,14.50625,3.262
Myrsine_coriacea,Colaptes_melanochloros,de_Jesus_e_Monteiro-Filho_(2007),(a) Gulpers,23.17,12.4,3.262
Euterpe_edulis,Carpornis_cucullata,Castro_(2003),(a) Gulpers,21.501,16.3,13.3575
Myrsine_coriacea,Dryocopus_lineatus,Pascotto_(2007),(a) Gulpers,20,17.62,3.262
Euterpe_edulis,Turdus_amaurochalinus,Castro_(2003),(a) Gulpers,18.75,12.48,13.3575
Euterpe_edulis,Cyanocorax_caeruleus,Castro_(2003),(a) Gulpers,18.5,18.3,13.3575
Euterpe_edulis,Ramphastos_dicolorus,Castro_(2003),(a) Gulpers,17.267,30,13.3575
Euterpe_edulis,Turdus_flavipes,Castro_(2003),(a) Gulpers,18.5,13.21818182,13.3575
Myrsine_coriacea,Elaenia_obscura,Blendinger,(a) Gulpers,18.46,11.8125,3.262
Myrsine_coriacea,Mimus_saturninus,Pascotto_(2007),(a) Gulpers,16.93989071,12.15,3.262
Amomyrtella_guilii,Ramphastos_toco,Blendinger,(a) Gulpers,16.67,33.916,10.6
Myrsine_coriacea,Turdus_rufiventris,Pascotto_(2007),(a) Gulpers,15.65656566,14.50625,3.262
Euterpe_edulis,Trogon_viridis,Castro_(2003),(a) Gulpers,15.625,23.5,13.3575
Myrsine_coriacea,Turdus_leucomelas,de_Jesus_e_Monteiro-Filho_(2007),(a) Gulpers,14.82758621,14.1125,3.262
Myrsine_coriacea,Turdus_amaurochalinus,Pascotto_(2007),(a) Gulpers,14.65968586,12.48,3.262
Myrsine_coriacea,Turdus_leucomelas,Pascotto_(2007),(a) Gulpers,14.35897436,14.1125,3.262
Parthenocissus_quinquefolia,Sturnus_vulgaris,Malmborg_and_Willson,(a) Gulpers,14,14,5.6
Myrsine_coriacea,Colaptes_campestris,Pascotto_(2007),(a) Gulpers,13.84976526,18,3.262
Myrsine_laetevirens,Turdus_nigriceps,Blendinger,(a) Gulpers,13.76,13.5,5.6
Parthenocissus_quinquefolia,Colaptes_auratus,Malmborg_and_Willson,(a) Gulpers,13.3,11.2,5.6
Myrsine_coriacea,Pitangus_sulphuratus,Pascotto_(2007),(a) Gulpers,13.10344828,16.35,3.262
Miconia_chamissois,Colaptes_melanochloros,Am?ncio_&_Melo_(2008),(a) Gulpers,12.75,12.4,5.4
Eugenia_uniflora,Ramphastos_dicolorus,Colussi_e_Prestes_(2011),(a) Gulpers,12.5,30,18.95
Miconia_chamissois,Turdus_amaurochalinus,Am?ncio_&_Melo_(2008),(a) Gulpers,12.5,12.48,5.4
Myrsine_coriacea,Basileuterus_culicivorus,de_Jesus_e_Monteiro-Filho_(2007),(a) Gulpers,12.5,6.44,3.262
Parthenocissus_quinquefolia,Turdus_migratorius,Malmborg_and_Willson,(a) Gulpers,12.4,13,5.6
Vitis_vulpina,Turdus_migratorius,Malmborg_and_Willson,(a) Gulpers,12.3,13,9.8
Miconia_ligustroides,Turdus_leucomelas,Allenspach_et_al._(2012),(a) Gulpers,12.18421053,14.1125,5.715
Euterpe_edulis,Ramphastos_vitellinus,Castro_(2003),(a) Gulpers,12,29.7,13.3575
Myrsine_coriacea,Colaptes_melanochloros,Pascotto_(2007),(a) Gulpers,11.92982456,12.4,3.262
Parthenocissus_quinquefolia,Catharus_ustulatus,Malmborg_and_Willson,(a) Gulpers,11.7,11.1,5.6
Smilax_hispida,Catharus_minimus,Malmborg_and_Willson,(a) Gulpers,11.6,10.3,8.3
Vitis_vulpina,Sturnus_vulgaris,Malmborg_and_Willson,(a) Gulpers,11.6,14,9.8
Miconia_ligustroides,Cyanocorax_chrysops,Allenspach_et_al._(2012),(a) Gulpers,11.46875,19.5,5.715
Euterpe_edulis,Ramphastos_vitellinus,Castro_(2003),(a) Gulpers,11.42553191,29.7,13.3575
Ilex_paraguariensis,Saltator_similis,Colussi_e_Prestes_(2011),(b) Mashers,11.20689655,12.05,6.807
Miconia_chamissois,Turdus_rufiventris,Am?ncio_&_Melo_(2008),(a) Gulpers,11.17241379,14.50625,5.4
Euterpe_edulis,Penelope_obscura,Castro_(2003),(a) Gulpers,10.98901099,23,13.3575
Schinus_terebinthifolius,Turdus_amaurochalinus,de_Jesus_e_Monteiro-Filho_(2007),(a) Gulpers,10.95764273,12.48,5.1
Miconia_ligustroides,Trichothraupis_melanops,Allenspach_et_al._(2012),(b) Mashers,10.43478261,9.94,5.715
Schefflera_morototoni,Ramphastos_toco,Purifica??o_et_al._(2015),(a) Gulpers,10.37104072,33.916,9.2
Phoradendron_tucumanense,Euphonia_chlorotica,Di_Pauli,(b) Mashers,10.21,7.07,6.3
Miconia_albicans,Mimus_saturninus,Allenspach_e_Dias_(2012),(a) Gulpers,10.19811321,12.15,7.62
Phoradendron_ensifolium,Chlorospingus_ophthalmicus,Di_Pauli,(b) Mashers,10.19,9,6.3
Euterpe_edulis,Turdus_albicollis,Castro_(2003),(a) Gulpers,10,12.51891892,13.3575
Myrsine_coriacea,Turdus_leucomelas,Francisco_e_Galetti_(2001),(a) Gulpers,10,14.1125,3.262
Ocotea_corymbosa,Myiodynastes_maculatus,Gondim_(2002),(a) Gulpers,10,15.92,5.7
Vitis_vulpina,Colaptes_auratus,Malmborg_and_Willson,(a) Gulpers,10,11.2,9.8
Xylopia_sericea,Thraupis_palmarum,Correia_(1997),(b) Mashers,10,12,7.4
Myrsine_coriacea,Cyanocorax_chrysops,de_Jesus_e_Monteiro-Filho_(2007),(a) Gulpers,9.978873239,19.5,3.262
Myrsine_coriacea,Zonotrichia_capensis,de_Jesus_e_Monteiro-Filho_(2007),(b) Mashers,9.787401575,9,3.262
Myrsine_coriacea,Tyrannus_melancholicus,Pascotto_(2007),(a) Gulpers,9.615384615,14.63333333,3.262
Miconia_albicans,Tangara_cayana,Allenspach_e_Dias_(2012),(b) Mashers,9.487804878,8.65,7.62
Schinus_terebinthifolius,Mimus_saturninus,de_Jesus_e_Monteiro-Filho_(2007),(a) Gulpers,9.418699187,12.15,5.1
Myrsine_coriacea,Celeus_flavescens,Correia_(1997),(a) Gulpers,9.361702128,15.75,3.262
Myrsine_coriacea,Tangara_desmaresti,de_Jesus_e_Monteiro-Filho_(2007),(b) Mashers,9.302325581,7.6,3.262
Pera_glabrata,Piranga_flava,Francisco_et_al._(2007),(b) Mashers,9.202453988,11.7,3.7075
Cupania_oblongifolia,Turdus_amaurochalinus,Correia_(1997),(a) Gulpers,9.090909091,12.48,11
Euterpe_edulis,Tachyphonus_coronatus,Castro_(2003),(b) Mashers,9.090909091,9.77,13.3575
Myrsine_laetevirens,Elaenia_obscura,Blendinger,(a) Gulpers,9.09,11.8125,5.6
Allophylus_edulis,Turdus_rufiventris,Blendinger,(a) Gulpers,9.05,14.50625,9.533
Myrsine_coriacea,Chlorospingus_ophthalmicus,Blendinger,(b) Mashers,9,9,3.262
Ilex_paraguariensis,Tyrannus_melancholicus,Colussi_e_Prestes_(2011),(a) Gulpers,8.888888889,14.63333333,6.807
Myrsine_coriacea,Tersina_viridis,de_Jesus_e_Monteiro-Filho_(2007),(b) Mashers,8.846153846,15.2,3.262
Myrsine_coriacea,Chiroxiphia_caudata,de_Jesus_e_Monteiro-Filho_(2007),(a) Gulpers,8.630952381,11.08787879,3.262
Viscum_album,Turdus_philomelos,Mellado_and_Zamora,(a) Gulpers,8.61,13.3,7.5
Schinus_terebinthifolius,Pyrrhura_frontalis,de_Jesus_e_Monteiro-Filho_(2007),(b) Mashers,8.540103866,13.5,5.1
Myrsine_coriacea,Camptostoma_obsoletum,de_Jesus_e_Monteiro-Filho_(2007),(a) Gulpers,8.510638298,7.08125,3.262
Miconia_ligustroides,Mimus_saturninus,Allenspach_et_al._(2012),(a) Gulpers,8.495192308,12.15,5.715
Euterpe_edulis,Ramphastos_vitellinus,C?rtes_(2003),(a) Gulpers,8.46031746,29.7,13.3575
Pera_glabrata,Colaptes_melanochloros,Francisco_et_al._(2007),(a) Gulpers,8.18452381,12.4,3.7075
Phoradendron_tucumanense,Chlorospingus_ophthalmicus,Di_Pauli,(b) Mashers,8.16,9,6.3
Miconia_chamissois,Pitangus_sulphuratus,Am?ncio_&_Melo_(2008),(a) Gulpers,8.092877642,16.35,5.4
Aralia_soratensis,Turdus_rufiventris,Blendinger,(a) Gulpers,8.05,14.50625,7.4
Myrsine_coriacea,Catharus_ustulatus,Blendinger,(a) Gulpers,8.02,11.1,3.262
Miconia_chamissois,Coereba_flaveola,Am?ncio_&_Melo_(2008),(b) Mashers,8,5.922222222,5.4
Miconia_ligustroides,Turdus_leucomelas,Gondim_(2002),(a) Gulpers,8,14.1125,5.715
Phoradendron_tucumanense,Turdus_rufiventris,Di_Pauli,(a) Gulpers,7.94,14.50625,6.3
Euterpe_edulis,Turdus_rufiventris,Castro_(2003),(a) Gulpers,7.894736842,14.50625,13.3575
Miconia_albicans,Thraupis_sayaca,Allenspach_e_Dias_(2012),(b) Mashers,7.847953216,12,7.62
Miconia_ligustroides,Thraupis_sayaca,Allenspach_et_al._(2012),(b) Mashers,7.821052632,12,5.715
Lindera_benzoin,Catharus_minimus,Malmborg_and_Willson,(a) Gulpers,7.8,10.3,9
Myrsine_coriacea,Colaptes_melanochloros,Francisco_e_Galetti_(2001),(a) Gulpers,7.790368272,12.4,3.262
Copaifera_langsdorffii,Turdus_leucomelas,Motta-Jr_e_Lombardi_(1990),(a) Gulpers,7.777777778,14.1125,9
Schinus_terebinthifolius,Turdus_rufiventris,de_Jesus_e_Monteiro-Filho_(2007),(a) Gulpers,7.710280374,14.50625,5.1
Aegiphyla_sellowiana,Pipra_rubrocapilla,Correia_(1997),(a) Gulpers,7.692307692,11,7.1
Phoradendron_affine,Euphonia_chlorotica,Maruyama_et_al._(2012),(b) Mashers,7.653846154,7.07,6.3
Phoradendron_ensifolium,Euphonia_cyanocephala,Di_Pauli,(b) Mashers,7.51,7.5,6.3
Miconia_chamissois,Dacnis_cayana,Am?ncio_&_Melo_(2008),(b) Mashers,7.5,8.03,5.4
Miconia_ligustroides,Ramphocelus_carbo,Allenspach_et_al._(2012),(b) Mashers,7.333333333,10,5.715
Euterpe_edulis,Ramphastos_vitellinus,C?rtes_(2003),(a) Gulpers,7.291666667,29.7,13.3575
Ocotea_puberula,Turdus_rufiventris,Blendinger,(a) Gulpers,7.29,14.50625,13.4905
Pera_glabrata,Turdus_amaurochalinus,Francisco_et_al._(2007),(a) Gulpers,7.264957265,12.48,3.7075
Prunus_mahaleb,Turdus_merula,Jordano_and_Schupp,(a) Gulpers,7.22,13.5,8.8
Phoradendron_tucumanense,Thlypopsis_sordida,Di_Pauli,(b) Mashers,7.2,9.628333333,6.3
Ficus_sp.,Acridotheres_cristatellus,Blendinger,(a) Gulpers,7.14,8.2,8
Myrsine_coriacea,Megarynchus_pitangua,Pascotto_(2007),(a) Gulpers,7.051282051,18,3.262
Miconia_albicans,Saltator_similis,Gondim_(2002),(b) Mashers,7,12.05,7.62
Phoradendron_affine,Euphonia_chlorotica,Maruyama_et_al._(2012),(b) Mashers,6.870967742,7.07,6.3
Myrsine_coriacea,Megarynchus_pitangua,Francisco_e_Galetti_(2001),(a) Gulpers,6.862745098,18,3.262
Myrsine_coriacea,Saltator_similis,de_Jesus_e_Monteiro-Filho_(2007),(b) Mashers,6.748987854,12.05,3.262
Psychotria_hoffmannseggiana,Antilophia_galeata,Silva_and_de_Melo,(a) Gulpers,6.72,7.3,7.19
Miconia_ioneura,Thraupis_sayaca,Blendinger,(b) Mashers,6.67,12,5.9
Amomyrtella_guilii,Turdus_rufiventris,Blendinger,(a) Gulpers,6.67,14.50625,10.6
Myrcianthes_pseudomato,Turdus_rufiventris,Blendinger,(a) Gulpers,6.67,14.50625,11.5
Copaifera_langsdorffii,Pitangus_sulphuratus,Motta-Jr_e_Lombardi_(1990),(a) Gulpers,6.666666667,16.35,9
Euterpe_edulis,Ramphastos_vitellinus,Castro_(2003),(a) Gulpers,6.666666667,29.7,13.3575
Euterpe_edulis,Tachyphonus_coronatus,C?rtes_(2003),(b) Mashers,6.666666667,9.77,13.3575
Myrsine_coriacea,Cyanocorax_cristatellus,Pascotto_(2007),(a) Gulpers,6.606606607,18.2,3.262
Myrsine_coriacea,Turdus_amaurochalinus,de_Jesus_e_Monteiro-Filho_(2007),(a) Gulpers,6.578947368,12.48,3.262
Vitis_vulpina,Catharus_ustulatus,Malmborg_and_Willson,(a) Gulpers,6.5,11.1,9.8
Vitis_vulpina,Dumetella_carolinensis,Malmborg_and_Willson,(a) Gulpers,6.5,11.25,9.8
Alchornea_glandulosa,Turdus_albicollis,Zimmermann_(1996),(a) Gulpers,6.375,12.51891892,4.4
Myrsine_coriacea,Hemithraupis_guira,de_Jesus_e_Monteiro-Filho_(2007),(b) Mashers,6.346153846,7.7,3.262
Schefflera_morototoni,Dryocopus_lineatus,Purifica??o_et_al._(2015),(a) Gulpers,6.337078652,17.62,9.2
Miconia_chamissois,Mimus_saturninus,Am?ncio_&_Melo_(2008),(a) Gulpers,6.333630687,12.15,5.4
Miconia_albicans,Turdus_leucomelas,Allenspach_e_Dias_(2012),(a) Gulpers,6.290502793,14.1125,7.62
Nectandra_megapotamica,Chiroxiphia_caudata,Krugel_et_al._(2006),(a) Gulpers,6.25,11.08787879,8.700666667
Schinus_terebinthifolius,Hemithraupis_guira,de_Jesus_e_Monteiro-Filho_(2007),(b) Mashers,6.218934911,7.7,5.1
Myrsine_coriacea,Elaenia_flavogaster,Pascotto_(2007),(a) Gulpers,6.206896552,10.7,3.262
Myrsine_coriacea,Myiodynastes_maculatus,Pascotto_(2007),(a) Gulpers,6.19047619,15.92,3.262
Myrsine_coriacea,Antilophia_galeata,Francisco_e_Galetti_(2001),(a) Gulpers,6.153846154,7.3,3.262
Schinus_terebinthifolius,Thraupis_sayaca,de_Jesus_e_Monteiro-Filho_(2007),(b) Mashers,6.139013453,12,5.1
Viscum_album,Turdus_merula,Mellado_and_Zamora,(a) Gulpers,6.08,13.5,7.5
Doliocarpus_dentatus,Tyrannus_melancholicus,Gondim_(2002),(a) Gulpers,6,14.63333333,6.317807018
Ocotea_corymbosa,Empidonomus_varius,Gondim_(2002),(a) Gulpers,6,11.5,5.7
Siparuna_guianensis,Pachyramphus_validus,Gondim_(2002),(a) Gulpers,6,15.2125,3.9
Vitis_vulpina,Dendroica_coronata,Malmborg_and_Willson,(a) Gulpers,6,6,9.8
Phoradendron_tucumanense,Euphonia_cyanocephala,Di_Pauli,(b) Mashers,5.97,7.5,6.3
Myrsine_coriacea,Manacus_manacus,Correia_(1997),(a) Gulpers,5.882352941,10.5826087,3.262
Myrsine_coriacea,Legatus_leucophaius,de_Jesus_e_Monteiro-Filho_(2007),(a) Gulpers,5.871212121,13.2,3.262
Trema_micrantha,Ramphocelus_bresilius,Correia_(1997),(b) Mashers,5.62248996,11.73061224,3.366666667
Vitis_vulpina,Catharus_guttatus,Malmborg_and_Willson,(a) Gulpers,5.6,11.2,9.8
Myrciaria_ciliolata,Turdus_leucomelas,Gondim_(2002),(a) Gulpers,5.5,14.1125,7.6
Miconia_chamissois,Thraupis_sayaca,Am?ncio_&_Melo_(2008),(b) Mashers,5.49315715,12,5.4
Vitis_vulpina,Catharus_minimus,Malmborg_and_Willson,(a) Gulpers,5.4,10.3,9.8
Alchornea_glandulosa,Turdus_rufiventris,Zimmermann_(1996),(a) Gulpers,5.39,14.50625,4.4
Schefflera_morototoni,Cacicus_cela,Purifica??o_et_al._(2015),(a) Gulpers,5.380434783,14.8,9.2
Myrsine_coriacea,Vireo_olivaceus,Pascotto_(2007),(a) Gulpers,5.376344086,10.23571429,3.262
Miconia_albicans,Antilophia_galeata,Silva_and_de_Melo,(a) Gulpers,5.36,7.3,7.62
Miconia_ligustroides,Tangara_cayana,Allenspach_et_al._(2012),(b) Mashers,5.320833333,8.65,5.715
Euterpe_edulis,Procnias_nudicollis,Castro_(2003),(a) Gulpers,5.294117647,22.2,13.3575
Acnistus_arborescens,Forpus_xanthopterygius,Athi?_e_Dias_(2010),(b) Mashers,5.263157895,9.15,7.135
Curatella_americana,Tyrannus_melancholicus,Pascotto_et_al._(2012),(a) Gulpers,5.263157895,14.63333333,13.9275
Miconia_ligustroides,Thraupis_palmarum,Allenspach_et_al._(2012),(b) Mashers,5.263157895,12,5.715
Miconia_albicans,Tyrannus_melancholicus,Allenspach_e_Dias_(2012),(a) Gulpers,5.179282869,14.63333333,7.62
Aegiphyla_sellowiana,Tangara_mexicana,Correia_(1997),(b) Mashers,5.128205128,8.65,7.1
Pera_glabrata,Cyanocorax_chrysops,Francisco_et_al._(2007),(a) Gulpers,5.094117647,19.5,3.7075
Phoradendron_affine,Pitangus_sulphuratus,Maruyama_et_al._(2012),(a) Gulpers,5.09375,16.35,6.3
Ilex_paraguariensis,Thraupis_bonariensis,Colussi_e_Prestes_(2011),(b) Mashers,5.090909091,10.54,6.807
Prunus_mahaleb,Columba_palumbus,Jordano_and_Schupp,(a) Gulpers,5.09,16,8.8
Myrsine_coriacea,Empidonomus_varius,Pascotto_(2007),(a) Gulpers,5.056179775,11.5,3.262
Myrsine_umbellata,Antilophia_galeata,Silva_and_de_Melo,(a) Gulpers,5.05,7.3,6.57
Eugenia_uniflora,Parula_pitiayumi,Colussi_e_Prestes_(2011),(a) Gulpers,5,6.2,18.95
Euterpe_edulis,Pyroderus_scutatus,Castro_(2003),(a) Gulpers,5,25,13.3575
Vassobia_breviflora,Tyrannus_melancholicus,Palacio_et_al.,(a) Gulpers,5,14.63333333,9.96
Vassobia_breviflora,Arremon_flavirostris,Palacio_et_al.,(b) Mashers,5,8.9,9.96
Lacistema_hasslerianum,Saltator_similis,Melo_e_Oliveira_(2009),(b) Mashers,4.903846154,12.05,5.85
Miconia_chamissois,Antilophia_galeata,Silva_and_de_Melo,(a) Gulpers,4.88,7.3,5.4
Phoradendron_tucumanense,Thraupis_sayaca,Di_Pauli,(b) Mashers,4.88,12,6.3
Pera_glabrata,Cyanocorax_chrysops,Gondim_(2002),(a) Gulpers,4.875,19.5,3.7075
Ocotea_corymbosa,Cyanocorax_cristatellus,Gondim_(2002),(a) Gulpers,4.8,18.2,5.7
Myrsine_coriacea,Myiodynastes_maculatus,de_Jesus_e_Monteiro-Filho_(2007),(a) Gulpers,4.724409449,15.92,3.262
Pera_glabrata,Antilophia_galeata,Francisco_et_al._(2007),(a) Gulpers,4.710144928,7.3,3.7075
Myrsine_coriacea,Zonotrichia_capensis,Pascotto_(2007),(b) Mashers,4.705882353,9,3.262
Vassobia_breviflora,Turdus_rufiventris,Palacio_et_al.,(a) Gulpers,4.66,14.50625,9.96
Eugenia_uniflora,Turdus_subalaris,Colussi_e_Prestes_(2011),(a) Gulpers,4.545454545,13.5,18.95
Euterpe_edulis,Tityra_cayana,Castro_(2003),(a) Gulpers,4.545454545,10.9,13.3575
Curatella_americana,Brotogeris_chiriri,Pascotto_et_al._(2012),(b) Mashers,4.523809524,9.9,13.9275
Miconia_chamissois,Tyrannus_melancholicus,Am?ncio_&_Melo_(2008),(a) Gulpers,4.5,14.63333333,5.4
Curatella_americana,Volatinia_jacarina,Pascotto_et_al_(2012),(b) Mashers,4.418604651,7.8,13.9275
Schefflera_morototoni,Cotinga_cayana,Purifica??o_et_al._(2015),(a) Gulpers,4.405286344,16.9,9.2
Frangula_alnus,Turdus_merula,Hampe_2001,(a) Gulpers,4.4,13.5,8
Miconia_chamissois,Gnorimopsar_chopi,Am?ncio_&_Melo_(2008),(a) Gulpers,4.381067961,17.75,5.4
Myrsine_laetevirens,Elaenia_albiceps,Blendinger,(a) Gulpers,4.36,9.2,5.6
Myrsine_coriacea,Vireo_olivaceus,de_Jesus_e_Monteiro-Filho_(2007),(a) Gulpers,4.357541899,10.23571429,3.262
Allophylus_edulis,Catharus_ustulatus,Blendinger,(a) Gulpers,4.35,11.1,9.533
Euterpe_edulis,Trogon_viridis,Castro_(2003),(a) Gulpers,4.347826087,23.5,13.3575
Viscum_album,Erithacus_rubecula,Mellado_and_Zamora,(a) Gulpers,4.31,5.3,7.5
Lindera_benzoin,Hylocichla_mustelina,Malmborg_and_Willson,(a) Gulpers,4.3,11,9
Vassobia_breviflora,Elaenia_parvirostris,Palacio_et_al.,(a) Gulpers,4.3,10,9.96
Euterpe_edulis,Turdus_amaurochalinus,Castro_(2003),(a) Gulpers,4.290322581,12.48,13.3575
Aralia_soratensis,Elaenia_albiceps,Blendinger,(a) Gulpers,4.29,9.2,7.4
Phoradendron_ensifolium,Thlypopsis_sordida,Di_Pauli,(b) Mashers,4.29,9.628333333,6.3
Miconia_albicans,Myiodynastes_maculatus,Allenspach_e_Dias_(2012),(a) Gulpers,4.259259259,15.92,7.62
Alchornea_glandulosa,Pitangus_sulphuratus,Zimmermann_(1996),(a) Gulpers,4.2,16.35,4.4
Pera_glabrata,Dacnis_cayana,Francisco_et_al._(2007),(b) Mashers,4.2,8.03,3.7075
Schefflera_morototoni,Euphonia_rufiventris,Purifica??o_et_al._(2015),(b) Mashers,4.186046512,7.3,9.2
Prunus_mahaleb,Dendrocopos_major,Jordano_and_Schupp,(a) Gulpers,4.17,11.2,8.8
Pera_glabrata,Vireo_olivaceus,Francisco_et_al._(2007),(a) Gulpers,4.166666667,10.23571429,3.7075
Myrsine_coriacea,Myiarchus_swainsoni,Pascotto_(2007),(a) Gulpers,4.137931034,11.35,3.262
Phoradendron_ensifolium,Pipraeidea_melanonota,Blendinger,(b) Mashers,4.13,9.3,6.3
Euterpe_edulis,Ramphastos_dicolorus,Castro_(2003),(a) Gulpers,4.0625,30,13.3575
Phoradendron_ensifolium,Turdus_rufiventris,Di_Pauli,(a) Gulpers,4.06,14.50625,6.3
Myrsine_coriacea,Piranga_flava,Pascotto_(2007),(b) Mashers,4.05904059,11.7,3.262
Euterpe_edulis,Turdus_albicollis,C?rtes_(2003),(a) Gulpers,4.03030303,12.51891892,13.3575
Ilex_paraguariensis,Turdus_rufiventris,Colussi_e_Prestes_(2011),(a) Gulpers,4.013953488,14.50625,6.807
Amomyrtella_guilii,Chlorospingus_ophthalmicus,Blendinger,(b) Mashers,4,9,10.6
Euterpe_edulis,Ramphastos_dicolorus,Castro_(2003),(a) Gulpers,4,30,13.3575
Ilex_paraguariensis,Pitangus_sulphuratus,Colussi_e_Prestes_(2011),(a) Gulpers,4,16.35,6.807
Lacistema_hasslerianum,Elaenia_chiriquensis,Melo_e_Oliveira_(2009),(a) Gulpers,4,11,5.85
Miconia_albicans,Empidonomus_varius,Gondim_(2002),(a) Gulpers,4,11.5,7.62
Miconia_chamissois,Crotophaga_ani,Am?ncio_&_Melo_(2008),(a) Gulpers,4,17.13333333,5.4
Miconia_stenostachya,Cyanocorax_chrysops,Gondim_(2002),(a) Gulpers,4,19.5,7.4
Vassobia_breviflora,Thraupis_sayaca,Palacio_et_al.,(b) Mashers,3.94,12,9.96
Euterpe_edulis,Turdus_flavipes,C?rtes_(2003),(a) Gulpers,3.933333333,13.21818182,13.3575
Podocarpus_parlatorei,Cyanocorax_chrysops,Blendinger,(a) Gulpers,3.93,19.5,6
Pera_glabrata,Cyclarhis_gujanensis,Francisco_et_al._(2007),(a) Gulpers,3.921568627,11.1,3.7075
Curatella_americana,Tangara_cayana,Pascotto_et_al_(2012),(b) Mashers,3.89261745,8.65,13.9275
Ilex_paraguariensis,Mimus_saturninus,Colussi_e_Prestes_(2011),(a) Gulpers,3.890243902,12.15,6.807
Curatella_americana,Piranga_flava,Pascotto_et_al_(2012),(b) Mashers,3.886925795,11.7,13.9275
Ilex_paraguariensis,Turdus_leucomelas,Colussi_e_Prestes_(2011),(a) Gulpers,3.856287425,14.1125,6.807
Acnistus_arborescens,Thraupis_sayaca,Athi?_e_Dias_(2010),(b) Mashers,3.846153846,12,7.135
Ilex_paraguariensis,Chiroxiphia_caudata,Colussi_e_Prestes_(2011),(a) Gulpers,3.825136612,11.08787879,6.807
Ocotea_corymbosa,Penelope_superciliaris,Gondim_(2002),(a) Gulpers,3.790697674,25,5.7
Acnistus_arborescens,Tangara_cayana,Athi?_e_Dias_(2010),(b) Mashers,3.773584906,8.65,7.135
Xylopia_sericea,Coereba_flaveola,Correia_(1997),(b) Mashers,3.75,5.922222222,7.4
Miconia_cinnamomifolia,Cacicus_haemorrhous,Correia_(1997),(a) Gulpers,3.738317757,12.1125,3.2
Curatella_americana,Mimus_saturninus,Pascotto_et_al._(2012),(a) Gulpers,3.720930233,12.15,13.9275
Myrsine_coriacea,Thraupis_sayaca,Pascotto_(2007),(b) Mashers,3.703703704,12,3.262
Miconia_ligustroides,Dacnis_cayana,Allenspach_et_al._(2012),(b) Mashers,3.696682464,8.03,5.715
Miconia_albicans,Manacus_manacus,Correia_(1997),(a) Gulpers,3.676470588,10.5826087,7.62
Myrsine_coriacea,Tyrannus_melancholicus,Francisco_e_Galetti_(2001),(a) Gulpers,3.666666667,14.63333333,3.262
Myrsine_coriacea,Elaenia_albiceps,Blendinger,(a) Gulpers,3.64,9.2,3.262
Euterpe_edulis,Turdus_albicollis,C?rtes_(2003),(a) Gulpers,3.636363636,12.51891892,13.3575
Xylopia_aromatica,Turdus_leucomelas,Gondim_(2002),(a) Gulpers,3.636363636,14.1125,4.3
Prunus_mahaleb,Garrulus_glandarius,Jordano_and_Schupp,(b) Mashers,3.63,17.2,8.8
Alchornea_triplinervia,Dacnis_cayana,Correia_(1997),(b) Mashers,3.623188406,8.03,7.15
Schefflera_morototoni,Myiozetetes_cayanensis,Purifica??o_et_al._(2015),(a) Gulpers,3.601440576,12.86666667,9.2
Xylopia_aromatica,Camptostoma_obsoletum,Gondim_(2002),(a) Gulpers,3.6,7.08125,4.3
Aegiphyla_sellowiana,Ramphocelus_bresilius,Correia_(1997),(b) Mashers,3.565891473,11.73061224,7.1
Miconia_ligustroides,Turdus_amaurochalinus,Allenspach_et_al._(2012),(a) Gulpers,3.546099291,12.48,5.715
Schefflera_morototoni,Thraupis_palmarum,Purifica??o_et_al._(2015),(b) Mashers,3.545200373,12,9.2
Miconia_langsdorffii,Tangara_cayana,Gondim_(2002),(b) Mashers,3.533333333,8.65,5.9
Alchornea_glandulosa,Myiodynastes_maculatus,Zimmermann_(1996),(a) Gulpers,3.5,15.92,4.4
Davilla_elliptica,Myiodynastes_maculatus,Gondim_(2002),(a) Gulpers,3.5,15.92,5.5
Doliocarpus_dentatus,Casiornis_rufus,Gondim_(2002),(a) Gulpers,3.5,10.16,6.317807018
Miconia_chamissois,Turdus_leucomelas,Am?ncio_&_Melo_(2008),(a) Gulpers,3.483870968,14.1125,5.4
Myrsine_coriacea,Turdus_albicollis,de_Jesus_e_Monteiro-Filho_(2007),(a) Gulpers,3.47826087,12.51891892,3.262
Miconia_albicans,Cacicus_haemorrhous,Correia_(1997),(a) Gulpers,3.463203463,12.1125,7.62
Pera_glabrata,Turdus_leucomelas,Francisco_et_al._(2007),(a) Gulpers,3.459119497,14.1125,3.7075
Schefflera_morototoni,Icterus_pyrrhopterus,Purifica??o_et_al._(2015),(a) Gulpers,3.439490446,7.87,9.2
Myrsine_coriacea,Ramphocelus_carbo,Pascotto_(2007),(b) Mashers,3.428571429,10,3.262
Myrsine_coriacea,Tersina_viridis,Pascotto_(2007),(b) Mashers,3.384615385,15.2,3.262
Myrsine_coriacea,Thraupis_sayaca,de_Jesus_e_Monteiro-Filho_(2007),(b) Mashers,3.370786517,12,3.262
Miconia_albicans,Tachyphonus_cristatus,Correia_(1997),(b) Mashers,3.333333333,9.385714286,7.62
Miconia_langsdorffii,Turdus_leucomelas,Gondim_(2002),(a) Gulpers,3.333333333,14.1125,5.9
Talauma_ovata,Tyrannus_melancholicus,Cazetta_et_al._(2002),(a) Gulpers,3.333333333,14.63333333,7.3
Myrsine_coriacea,Camptostoma_obsoletum,Pascotto_(2007),(a) Gulpers,3.286384977,7.08125,3.262
Guarea_guidonia,Cacicus_haemorrhous,Correia_(1997),(a) Gulpers,3.268817204,12.1125,11
Phoradendron_tucumanense,Pipraeidea_melanonota,Di_Pauli,(b) Mashers,3.25,9.3,6.3
Pera_glabrata,Empidonomus_varius,Francisco_et_al._(2007),(a) Gulpers,3.246753247,11.5,3.7075
Curatella_americana,Thraupis_palmarum,Pascotto_et_al_(2012),(b) Mashers,3.225806452,12,13.9275
Lindera_benzoin,Catharus_ustulatus,Malmborg_and_Willson,(a) Gulpers,3.2,11.1,9
Myrsine_coriacea,Dacnis_cayana,Pascotto_(2007),(b) Mashers,3.2,8.03,3.262
Ilex_paraguariensis,Phylloscartes_ventralis,Colussi_e_Prestes_(2011),(a) Gulpers,3.184210526,6.6,6.807
Coussarea_hydrangeifolia,Tangara_cayana,Gondim_(2002),(b) Mashers,3.181818182,8.65,7.4
Acnistus_arborescens,Ramphocelus_carbo,Athi?_e_Dias_(2010),(b) Mashers,3.174603175,10,7.135
Curatella_americana,Coryphospingus_cucullatus,Pascotto_et_al_(2012),(b) Mashers,3.141891892,7.79,13.9275
Myrsine_coriacea,Tangara_cayana,Pascotto_(2007),(b) Mashers,3.141361257,8.65,3.262
Phoradendron_tucumanense,Zonotrichia_capensis,Di_Pauli,(b) Mashers,3.13,9,6.3
Miconia_albicans,Dacnis_cayana,Gondim_(2002),(b) Mashers,3.125,8.03,7.62
Schefflera_morototoni,Pitangus_sulphuratus,Purifica??o_et_al._(2015),(a) Gulpers,3.122362869,16.35,9.2
Trema_micrantha,Myiozetetes_similis,Correia_(1997),(a) Gulpers,3.113207547,12.86666667,3.366666667
Lindera_benzoin,Catharus_fuscescens,Malmborg_and_Willson,(a) Gulpers,3.1,12,9
Myrsine_coriacea,Tangara_cayana,Francisco_e_Galetti_(2001),(b) Mashers,3.097345133,8.65,3.262
Alchornea_glandulosa,Turdus_flavipes,Zimmermann_(1996),(a) Gulpers,3.093495935,13.21818182,4.4
Miconia_albicans,Zonotrichia_capensis,Allenspach_e_Dias_(2012),(b) Mashers,3.048780488,9,7.62
Allophylus_edulis,Thraupis_sayaca,Blendinger,(b) Mashers,3.04,12,9.533
Cupania_oblongifolia,Turdus_leucomelas,Correia_(1997),(a) Gulpers,3.03030303,14.1125,11
Myrsine_coriacea,Myiozetetes_similis,Correia_(1997),(a) Gulpers,3.024193548,12.86666667,3.262
Myrsine_coriacea,Coereba_flaveola,Pascotto_(2007),(b) Mashers,3.007518797,5.922222222,3.262
Pera_glabrata,Myiarchus_tyrannulus,Francisco_et_al._(2007),(a) Gulpers,3.005464481,13.8,3.7075
Byrsonima_intermedia,Cyanocorax_chrysops,Gondim_(2002),(a) Gulpers,3,19.5,8.2225
Cinnamomum_glanduliferum,Pitangus_sulphuratus,Blendinger,(a) Gulpers,3,16.35,10
Cupania_vernalis,Mimus_saturninus,Gondim_(2002),(a) Gulpers,3,12.15,8.75
Cupania_vernalis,Pitangus_sulphuratus,Blendinger,(a) Gulpers,3,16.35,8.75
Didymopanax_vinosum,Elaenia_flavogaster,Gondim_(2002),(a) Gulpers,3,10.7,6
Faramea_hyacinthina,Tangara_cayana,Melo_et_al._(2003),(b) Mashers,3,8.65,8.9
Ficus_calyptroceras,Cyanocorax_cyanomelas,Ragusa-Netto,(a) Gulpers,3,20.37,10.1
Ficus_calyptroceras,Ramphastos_toco,Ragusa-Netto,(a) Gulpers,3,33.916,10.1
Ilex_paraguariensis,Molothrus_bonariensis,Colussi_e_Prestes_(2011),(a) Gulpers,3,15.6,6.807
Myrcia_castrensis,Tangara_cayana,Gondim_(2002),(b) Mashers,3,8.65,6.6
Siparuna_guianensis,Turdus_leucomelas,Gondim_(2002),(a) Gulpers,3,14.1125,3.9
Smilax_hispida,Catharus_guttatus,Malmborg_and_Willson,(a) Gulpers,3,11.2,8.3
Struthanthus_concinnus,Elaenia_flavogaster,Guerra_e_Marini_(2002),(a) Gulpers,3,10.7,3.98
Vassobia_breviflora,Myiodynastes_maculatus,Palacio_et_al.,(a) Gulpers,3,15.92,9.96
Virola_sebifera,Tityra_cayana,Gondim_(2002),(a) Gulpers,3,10.9,10.25
Xylopia_aromatica,Elaenia_flavogaster,Gondim_(2002),(a) Gulpers,3,10.7,4.3
Miconia_prasina,Euphonia_violacea,Correia_(1997),(b) Mashers,2.993158495,7.9,6.509425
Miconia_ligustroides,Schistochlamys_ruficapillus,Allenspach_et_al._(2012),(b) Mashers,2.972375691,11.7,5.715
Trema_micrantha,Vireo_olivaceus,Correia_(1997),(a) Gulpers,2.960893855,10.23571429,3.366666667
Phoradendron_ensifolium,Thraupis_sayaca,Di_Pauli,(b) Mashers,2.94,12,6.3
Vassobia_breviflora,Catharus_ustulatus,Palacio_et_al.,(a) Gulpers,2.91,11.1,9.96
Myrsine_coriacea,Tityra_cayana,Pascotto_(2007),(a) Gulpers,2.903225806,10.9,3.262
Frangula_alnus,Erithacus_rubecula,Hampe_2001,(a) Gulpers,2.9,5.3,8
Euterpe_edulis,Turdus_flavipes,C?rtes_(2003),(a) Gulpers,2.891304348,13.21818182,13.3575
Cupania_vernalis,Turdus_rufiventris,Blendinger,(a) Gulpers,2.89,14.50625,8.75
Schefflera_morototoni,Dacnis_lineata,Purifica??o_et_al._(2015),(b) Mashers,2.888513514,8,9.2
Euterpe_edulis,Turdus_albicollis,C?rtes_(2003),(a) Gulpers,2.868852459,12.51891892,13.3575
Myrsine_coriacea,Myiodynastes_maculatus,Francisco_e_Galetti_(2001),(a) Gulpers,2.857142857,15.92,3.262
Xylopia_sericea,Tolmomyias_flaviventris,Correia_(1997),(a) Gulpers,2.857142857,9.952941176,7.4
Miconia_stenostachya,Turdus_leucomelas,Gondim_(2002),(a) Gulpers,2.851851852,14.1125,7.4
Amomyrtella_guilii,Thraupis_sayaca,Blendinger,(b) Mashers,2.84,12,10.6
Lacistema_hasslerianum,Antilophia_galeata,Melo_e_Oliveira_(2009),(a) Gulpers,2.819148936,7.3,5.85
Struthanthus_concinnus,Mionectes_rufiventris,Guerra_e_Marini_(2002),(a) Gulpers,2.8,9.2,3.98
Eugenia_uniflora,Turdus_amaurochalinus,Lamberti_et_al._(2012),(a) Gulpers,2.785714286,12.48,18.95
Curatella_americana,Aratinga_aurea,Pascotto_et_al._(2012),(b) Mashers,2.777777778,3.1,13.9275
Miconia_albicans,Sporophila_caerulescens,Allenspach_e_Dias_(2012),(b) Mashers,2.777777778,6.2,7.62
Myrsine_coriacea,Dacnis_cayana,Correia_(1997),(b) Mashers,2.777777778,8.03,3.262
Alchornea_glandulosa,Turdus_leucomelas,Pascotto_(2006),(a) Gulpers,2.772277228,14.1125,4.4
Alchornea_glandulosa,Tersina_viridis,Pascotto_(2006),(b) Mashers,2.745098039,15.2,4.4
Aegiphyla_sellowiana,Pitangus_sulphuratus,Correia_(1997),(a) Gulpers,2.73556231,16.35,7.1
Podocarpus_parlatorei,Arremon_torquatus,Blendinger,(b) Mashers,2.73,9.3,6
Struthanthus_concinnus,Camptostoma_obsoletum,Guerra_e_Marini_(2002),(a) Gulpers,2.714285714,7.08125,3.98
Myrsine_coriacea,Pachyramphus_validus,de_Jesus_e_Monteiro-Filho_(2007),(a) Gulpers,2.702702703,15.2125,3.262
Nectandra_megapotamica,Vireo_olivaceus,Krugel_et_al._(2006),(a) Gulpers,2.702702703,10.23571429,8.700666667
Schefflera_morototoni,Ramphocelus_carbo,Purifica??o_et_al._(2015),(b) Mashers,2.692307692,10,9.2
Aegiphyla_sellowiana,Myiozetetes_similis,Correia_(1997),(a) Gulpers,2.669902913,12.86666667,7.1
Davilla_elliptica,Pitangus_sulphuratus,Gondim_(2002),(a) Gulpers,2.666666667,16.35,5.5
Ilex_paraguariensis,Megarynchus_pitangua,Colussi_e_Prestes_(2011),(a) Gulpers,2.666666667,18,6.807
Miconia_prasina,Pipra_chloromeros,Correia_(1997),(a) Gulpers,2.649006623,11,6.509425
Curatella_americana,Myiarchus_swainsoni,Pascotto_et_al._(2012),(a) Gulpers,2.644927536,11.35,13.9275
Curatella_americana,Vireo_olivaceus,Pascotto_et_al._(2012),(a) Gulpers,2.631578947,10.23571429,13.9275
Myrsine_coriacea,Pachyramphus_polychopterus,Correia_(1997),(a) Gulpers,2.631578947,12.35,3.262
Vassobia_breviflora,Zonotrichia_capensis,Palacio_et_al.,(b) Mashers,2.62,9,9.96
Nectandra_megapotamica,Tyrannus_melancholicus,Krugel_et_al._(2006),(a) Gulpers,2.619047619,14.63333333,8.700666667
Eugenia_uniflora,Tangara_cayana,Lamberti_et_al._(2012),(b) Mashers,2.617647059,8.65,18.95
Pera_glabrata,Zonotrichia_capensis,Francisco_et_al._(2007),(b) Mashers,2.60989011,9,3.7075
Cytharexylum_myrianthum,Myiozetetes_similis,Correia_(1997),(a) Gulpers,2.608695652,12.86666667,8.3
Talauma_ovata,Dacnis_cayana,Cazetta_et_al._(2002),(b) Mashers,2.6,8.03,7.3
Struthanthus_concinnus,Hylophilus_amaurocephalus,Guerra_e_Marini_(2002),(a) Gulpers,2.590673575,10.1,3.98
Phoradendron_ensifolium,Euphonia_chlorotica,Di_Pauli,(b) Mashers,2.57,7.07,6.3
Trema_micrantha,Manacus_manacus,Correia_(1997),(a) Gulpers,2.564102564,10.5826087,3.366666667
Eugenia_uniflora,Turdus_leucomelas,Colussi_e_Prestes_(2011),(a) Gulpers,2.557692308,14.1125,18.95
Ocotea_pulchella,Pitangus_sulphuratus,Francisco_e_Galetti_(2002),(a) Gulpers,2.555555556,16.35,6.153
Pera_glabrata,Myiarchus_ferox,Francisco_et_al._(2007),(a) Gulpers,2.525252525,12.43333333,3.7075
Ilex_cerasifolia,Thraupis_sayaca,Gondim_(2002),(b) Mashers,2.52,12,4.9
Podocarpus_parlatorei,Elaenia_obscura,Blendinger,(a) Gulpers,2.52,11.8125,6
Alchornea_glandulosa,Myiodynastes_maculatus,Pascotto_(2006),(a) Gulpers,2.514150943,15.92,4.4
Miconia_albicans,Casiornis_rufus,Gondim_(2002),(a) Gulpers,2.5,10.16,7.62
Miconia_albicans,Penelope_superciliaris,Gondim_(2002),(a) Gulpers,2.5,25,7.62
Plocama_pendula,Cyanistes_caeruleus,Nogales_et_al.,(b) Mashers,2.5,8.3,8.9
Styrax_pohlii,Penelope_superciliaris,Gondim_(2002),(a) Gulpers,2.5,25,7.2
Virola_sebifera,Penelope_superciliaris,Gondim_(2002),(a) Gulpers,2.5,25,10.25
Pera_glabrata,Parula_pitiayumi,Francisco_et_al._(2007),(a) Gulpers,2.48447205,6.2,3.7075
Myrsine_coriacea,Cyclarhis_gujanensis,Pascotto_(2007),(a) Gulpers,2.469135802,11.1,3.262
Doliocarpus_dentatus,Tangara_cayana,Gondim_(2002),(b) Mashers,2.444444444,8.65,6.317807018
Eugenia_uniflora,Thraupis_bonariensis,Colussi_e_Prestes_(2011),(b) Mashers,2.43902439,10.54,18.95
Myrsine_guianensis,Turdus_leucomelas,Gondim_(2002),(a) Gulpers,2.428571429,14.1125,4
Copaifera_langsdorffii,Elaenia_flavogaster,Motta-Jr_e_Lombardi_(1990),(a) Gulpers,2.424242424,10.7,9
Trema_micrantha,Saltator_maximus,Correia_(1997),(b) Mashers,2.402402402,12.7,3.366666667
Euterpe_edulis,Turdus_albicollis,Castro_(2003),(a) Gulpers,2.4,12.51891892,13.3575
Myrsine_coriacea,Pipra_pipra,Correia_(1997),(a) Gulpers,2.4,11,3.262
Curatella_americana,Diopsittaca_nobilis,Pascotto_et_al._(2012),(b) Mashers,2.389078498,21.6,13.9275
Prunus_mahaleb,Erithacus_rubecula,Jordano_and_Schupp,(a) Gulpers,2.38,5.3,7.8
Struthanthus_concinnus,Phaeomyias_murina,Guerra_e_Marini_(2002),(a) Gulpers,2.375,7.2,3.98
Myrsine_laetevirens,Thraupis_sayaca,Blendinger,(b) Mashers,2.37,12,5.6
Michelia_champaca,Megarynchus_pitangua,Oliveira_et_al._(2013),(a) Gulpers,2.358024691,18,8.5
Euterpe_edulis,Turdus_rufiventris,C?rtes_(2003),(a) Gulpers,2.352941176,14.50625,13.3575
Xylopia_sericea,Cyanerpes_cyaneus,Correia_(1997),(b) Mashers,2.34741784,7.458823529,7.4
Pera_glabrata,Turdus_leucomelas,Gondim_(2002),(a) Gulpers,2.333333333,14.1125,3.7075
Xylopia_aromatica,Penelope_superciliaris,Gondim_(2002),(a) Gulpers,2.333333333,25,4.3
Struthanthus_concinnus,Ilicura_militaris,Guerra_e_Marini_(2002),(a) Gulpers,2.33201581,8.6,3.98
Coussarea_hydrangeifolia,Thraupis_sayaca,Gondim_(2002),(b) Mashers,2.314814815,12,7.4
Lacistema_hasslerianum,Coereba_flaveola,Melo_e_Oliveira_(2009),(b) Mashers,2.286764706,5.922222222,5.85
Virola_sebifera,Turdus_amaurochalinus,Gondim_(2002),(a) Gulpers,2.285714286,12.48,10.25
Pera_glabrata,Ramphocelus_carbo,Francisco_et_al._(2007),(b) Mashers,2.272727273,10,3.7075
Prunus_mahaleb,Fringilla_coelebs,Jordano_and_Schupp,(b) Mashers,2.27,15.2,8.8
Euterpe_edulis,Procnias_nudicollis,C?rtes_(2003),(a) Gulpers,2.259036145,22.2,13.3575
Alchornea_glandulosa,Turdus_subalaris,Zimmermann_(1996),(a) Gulpers,2.25,13.5,4.4
Guarea_guidonia,Vireo_olivaceus,Correia_(1997),(a) Gulpers,2.222222222,10.23571429,11
Trema_micrantha,Mionectes_oleagineus,Correia_(1997),(a) Gulpers,2.222222222,9.555555556,3.366666667
Byrsonima_intermedia,Mimus_saturninus,Gondim_(2002),(a) Gulpers,2.2,12.15,8.2225
Siparuna_guianensis,Antilophia_galeata,Silva_and_de_Melo,(a) Gulpers,2.17,7.3,3.9
Miconia_albicans,Tachyphonus_coronatus,Correia_(1997),(b) Mashers,2.160493827,9.77,7.62
Miconia_ligustroides,Zonotrichia_capensis,Allenspach_et_al._(2012),(b) Mashers,2.155172414,9,5.715
Struthanthus_concinnus,Piranga_flava,Guerra_e_Marini_(2002),(b) Mashers,2.153846154,11.7,3.98
Faramea_hyacinthina,Antilophia_galeata,Melo_et_al._(2003),(a) Gulpers,2.150537634,7.3,8.9
Ocotea_pulchella,Empidonomus_varius,Francisco_e_Galetti_(2002),(a) Gulpers,2.150537634,11.5,6.153
Xylopia_aromatica,Myiozetetes_similis,Gondim_(2002),(a) Gulpers,2.142857143,12.86666667,4.3
Ilex_paraguariensis,Thraupis_sayaca,Colussi_e_Prestes_(2011),(b) Mashers,2.136690647,12,6.807
Podocarpus_parlatorei,Microspingus_erythrophrys,Blendinger,(b) Mashers,2.12,5.1,6
Tapirira_guianensis,Cyanocorax_chrysops,Gondim_(2002),(a) Gulpers,2.12,19.5,9.1
Guarea_guidonia,Myiozetetes_similis,Correia_(1997),(a) Gulpers,2.118644068,12.86666667,11
Prunus_mahaleb,Cyanistes_caeruleus,Jordano_and_Schupp,(b) Mashers,2.1,8.3,8.8
Alchornea_glandulosa,Thraupis_palmarum,Zimmermann_(1996),(b) Mashers,2.083333333,12,4.4
Ficus_benghalensis,Psilopogon_zeylanicus,Blendinger,(b) Mashers,2.07,22.08333333,17.5
Talauma_ovata,Tangara_cayana,Cazetta_et_al._(2002),(b) Mashers,2.026785714,8.65,7.3
Myrsine_coriacea,Pipra_rubrocapilla,Correia_(1997),(a) Gulpers,2.02020202,11,3.262
Eugenia_uniflora,Turdus_leucomelas,Lamberti_et_al._(2012),(a) Gulpers,2.016129032,14.1125,18.95
Euterpe_edulis,Procnias_nudicollis,C?rtes_(2003),(a) Gulpers,2.0125,22.2,13.3575
Amaioua_guianensis,Antilophia_galeata,Gondim_(2002),(a) Gulpers,2,7.3,9.573333333
Copaifera_langsdorffii,Pitangus_sulphuratus,Gondim_(2002),(a) Gulpers,2,16.35,9
Copaifera_langsdorffii,Cyanocorax_chrysops,Gondim_(2002),(a) Gulpers,2,19.5,9
Davilla_elliptica,Casiornis_rufus,Gondim_(2002),(a) Gulpers,2,10.16,5.5
Davilla_elliptica,Tangara_cayana,Gondim_(2002),(b) Mashers,2,8.65,5.5
Didymopanax_vinosum,Thraupis_sayaca,Gondim_(2002),(b) Mashers,2,12,6
Doliocarpus_dentatus,Mimus_saturninus,Gondim_(2002),(a) Gulpers,2,12.15,6.317807018
Doliocarpus_dentatus,Empidonomus_varius,Gondim_(2002),(a) Gulpers,2,11.5,6.317807018
Ficus_calyptroceras,Turdus_amaurochalinus,Ragusa-Netto,(a) Gulpers,2,12.48,10.1
Ficus_calyptroceras,Psarocolius_decumanus,Ragusa-Netto,(a) Gulpers,2,20.37,10.1
Miconia_albicans,Cyanocorax_chrysops,Gondim_(2002),(a) Gulpers,2,19.5,7.62
Miconia_albicans,Tangara_cayana,Gondim_(2002),(b) Mashers,2,8.65,7.62
Miconia_albicans,Myiodynastes_maculatus,Gondim_(2002),(a) Gulpers,2,15.92,7.62
Miconia_chamissois,Thraupis_palmarum,Am?ncio_&_Melo_(2008),(b) Mashers,2,12,5.4
Miconia_prasina,Dacnis_cayana,Correia_(1997),(b) Mashers,2,8.03,6.509425
Ouratea_castanaefolia,Tyrannus_melancholicus,Gondim_(2002),(a) Gulpers,2,14.63333333,5.8
Palicourea_marcgravii,Lathrotriccus_euleri,Gondim_(2002),(a) Gulpers,2,8.785714286,7.7
Palicourea_marcgravii,Tangara_cayana,Gondim_(2002),(b) Mashers,2,8.65,7.7
Pera_glabrata,Conirostrum_speciosum,Gondim_(2002),(b) Mashers,2,7.5,3.7075
Pera_glabrata,Thraupis_sayaca,Gondim_(2002),(b) Mashers,2,12,3.7075
Roucheria_columbiana,Cotinga_cayana,Parrado-Rosselli_and_Amaya-Espinel,(a) Gulpers,2,16.9,6.5
Rubus_imperialis,Elaenia_strepera,Blendinger,(a) Gulpers,2,13.1,14
Savia_dictiocarpa,Turdus_leucomelas,Gondim_(2002),(a) Gulpers,2,14.1125,5.6
Tabernaemontana_fuchsaefolia,Vireo_olivaceus,Gondim_(2002),(a) Gulpers,2,10.23571429,6.6
Tabernaemontana_fuchsaefolia,Myiozetetes_similis,Gondim_(2002),(a) Gulpers,2,12.86666667,6.6
Virola_sebifera,Cyanocorax_chrysops,Gondim_(2002),(a) Gulpers,2,19.5,10.25
Virola_sebifera,Thraupis_sayaca,Gondim_(2002),(b) Mashers,2,12,10.25
Xylopia_aromatica,Vireo_olivaceus,Gondim_(2002),(a) Gulpers,2,10.23571429,4.3
Xylopia_aromatica,Coereba_flaveola,Gondim_(2002),(b) Mashers,2,5.922222222,4.3
Xylopia_aromatica,Turdus_amaurochalinus,Gondim_(2002),(a) Gulpers,2,12.48,4.3
Xylopia_aromatica,Cyclarhis_gujanensis,Gondim_(2002),(a) Gulpers,2,11.1,4.3
Struthanthus_concinnus,Phyllomyias_fasciatus,Guerra_e_Marini_(2002),(a) Gulpers,1.985815603,6.733333333,3.98
Talauma_ovata,Dryocopus_lineatus,Cazetta_et_al._(2002),(a) Gulpers,1.97574124,17.62,7.3
Alchornea_glandulosa,Empidonomus_varius,Pascotto_(2006),(a) Gulpers,1.960784314,11.5,4.4
Miconia_albicans,Volatinia_jacarina,Allenspach_e_Dias_(2012),(b) Mashers,1.945378151,7.8,7.62
Eugenia_uniflora,Saltator_similis,Colussi_e_Prestes_(2011),(b) Mashers,1.939655172,12.05,18.95
Alchornea_glandulosa,Camptostoma_obsoletum,Pascotto_(2006),(a) Gulpers,1.937984496,7.08125,4.4
Didymopanax_vinosum,Tangara_cayana,Gondim_(2002),(b) Mashers,1.9375,8.65,6
Doliocarpus_dentatus,Thraupis_sayaca,Gondim_(2002),(b) Mashers,1.9375,12,6.317807018
Myrsine_coriacea,Ramphocelus_bresilius,Correia_(1997),(b) Mashers,1.935483871,11.73061224,3.262
Morus_rubra,Turdus_migratorius,Jackson_and_Kannan,(a) Gulpers,1.9,13,10
Alchornea_glandulosa,Tyrannus_melancholicus,Pascotto_(2006),(a) Gulpers,1.898734177,14.63333333,4.4
Tapirira_guianensis,Thraupis_sayaca,Gondim_(2002),(b) Mashers,1.894736842,12,9.1
Ocotea_pulchella,Turdus_leucomelas,Francisco_e_Galetti_(2002),(a) Gulpers,1.882845188,14.1125,6.153
Alchornea_glandulosa,Pitangus_sulphuratus,Pascotto_(2006),(a) Gulpers,1.864,16.35,4.4
Nectandra_megapotamica,Turdus_rufiventris,Krugel_et_al._(2006),(a) Gulpers,1.863354037,14.50625,8.700666667
Nectandra_megapotamica,Pitangus_sulphuratus,Krugel_et_al._(2006),(a) Gulpers,1.851851852,16.35,8.700666667
Trichilia_pallida,Pitangus_sulphuratus,Gondim_(2002),(a) Gulpers,1.846153846,16.35,7.6
Alchornea_glandulosa,Tyrannus_melancholicus,Zimmermann_(1996),(a) Gulpers,1.831168831,14.63333333,4.4
Xylopia_sericea,Dacnis_cayana,Correia_(1997),(b) Mashers,1.827956989,8.03,7.4
Podocarpus_parlatorei,Elaenia_parvirostris,Blendinger,(a) Gulpers,1.81,10,6
Aegiphyla_sellowiana,Saltator_maximus,Correia_(1997),(b) Mashers,1.800766284,12.7,7.1
Xylopia_aromatica,Tyrannus_melancholicus,Gondim_(2002),(a) Gulpers,1.8,14.63333333,4.3
Myrsine_coriacea,Vireo_olivaceus,Francisco_e_Galetti_(2001),(a) Gulpers,1.785714286,10.23571429,3.262
Ouratea_castanaefolia,Myiozetetes_similis,Gondim_(2002),(a) Gulpers,1.785714286,12.86666667,5.8
Pera_glabrata,Tangara_cayana,Francisco_et_al._(2007),(b) Mashers,1.776699029,8.65,3.7075
Cupania_vernalis,Vireo_olivaceus,Gondim_(2002),(a) Gulpers,1.769230769,10.23571429,8.75
Cytharexylum_myrianthum,Pitangus_sulphuratus,Correia_(1997),(a) Gulpers,1.755725191,16.35,8.3
Euterpe_edulis,Procnias_nudicollis,C?rtes_(2003),(a) Gulpers,1.751879699,22.2,13.3575
Miconia_albicans,Conirostrum_speciosum,Gondim_(2002),(b) Mashers,1.75,7.5,7.62
Ocotea_corymbosa,Vireo_olivaceus,Gondim_(2002),(a) Gulpers,1.75,10.23571429,5.7
Aegiphyla_sellowiana,Megarynchus_pitangua,Correia_(1997),(a) Gulpers,1.737967914,18,7.1
Podocarpus_parlatorei,Turdus_rufiventris,Blendinger,(a) Gulpers,1.73,14.50625,6
Miconia_prasina,Tachyphonus_coronatus,Correia_(1997),(b) Mashers,1.720779221,9.77,6.509425
Podocarpus_parlatorei,Thraupis_sayaca,Blendinger,(b) Mashers,1.72,12,6
Podocarpus_parlatorei,Chlorospingus_ophthalmicus,Blendinger,(b) Mashers,1.71,9,6
Miconia_albicans,Pitangus_sulphuratus,Allenspach_e_Dias_(2012),(a) Gulpers,1.700440529,16.35,7.62
Eugenia_uniflora,Thraupis_sayaca,Lamberti_et_al._(2012),(b) Mashers,1.7,12,18.95
Xylopia_aromatica,Tangara_cayana,Gondim_(2002),(b) Mashers,1.7,8.65,4.3
Miconia_albicans,Dacnis_cayana,Correia_(1997),(b) Mashers,1.684210526,8.03,7.62
Euterpe_edulis,Turdus_flavipes,C?rtes_(2003),(a) Gulpers,1.675,13.21818182,13.3575
Alchornea_glandulosa,Dacnis_cayana,Pascotto_(2006),(b) Mashers,1.670050761,8.03,4.4
Aegiphyla_sellowiana,Manacus_manacus,Correia_(1997),(a) Gulpers,1.666666667,10.5826087,7.1
Alchornea_glandulosa,Pachyramphus_validus,Pascotto_(2006),(a) Gulpers,1.666666667,15.2125,4.4
Cytharexylum_myrianthum,Megarynchus_pitangua,Correia_(1997),(a) Gulpers,1.666666667,18,8.3
Ilex_cerasifolia,Turdus_leucomelas,Gondim_(2002),(a) Gulpers,1.666666667,14.1125,4.9
Myrcia_castrensis,Dacnis_cayana,Gondim_(2002),(b) Mashers,1.666666667,8.03,6.6
Ocotea_corymbosa,Tityra_cayana,Gondim_(2002),(a) Gulpers,1.666666667,10.9,5.7
Savia_dictiocarpa,Pachyramphus_validus,Gondim_(2002),(a) Gulpers,1.666666667,15.2125,5.6
Xylopia_sericea,Vireo_olivaceus,Correia_(1997),(a) Gulpers,1.655629139,10.23571429,7.4
Alchornea_glandulosa,Thraupis_sayaca,Zimmermann_(1996),(b) Mashers,1.642384106,12,4.4
Ocotea_corymbosa,Casiornis_rufus,Gondim_(2002),(a) Gulpers,1.625,10.16,5.7
Cinnamomum_glanduliferum,Thraupis_sayaca,Blendinger,(b) Mashers,1.62,12,10
Podocarpus_parlatorei,Atlapetes_fulviceps,Blendinger,(b) Mashers,1.61,6,6
Amomyrtella_guilii,Catharus_ustulatus,Blendinger,(a) Gulpers,1.6,11.1,10.6
Schinus_terebinthifolius,Parula_pitiayumi,de_Jesus_e_Monteiro-Filho_(2007),(a) Gulpers,1.58778626,6.2,5.1
Nectandra_megapotamica,Megarynchus_pitangua,Krugel_et_al._(2006),(a) Gulpers,1.587301587,18,8.700666667
Virola_sebifera,Turdus_leucomelas,Gondim_(2002),(a) Gulpers,1.555555556,14.1125,10.25
Allophylus_edulis,Chlorospingus_ophthalmicus,Blendinger,(b) Mashers,1.54,9,9.533
Talauma_ovata,Turdus_rufiventris,Cazetta_et_al._(2002),(a) Gulpers,1.536312849,14.50625,7.3
Nectandra_megapotamica,Turdus_albicollis,Krugel_et_al._(2006),(a) Gulpers,1.534090909,12.51891892,8.700666667
Ouratea_castanaefolia,Dacnis_cayana,Gondim_(2002),(b) Mashers,1.533333333,8.03,5.8
Tapirira_guianensis,Tangara_cayana,Gondim_(2002),(b) Mashers,1.526315789,8.65,9.1
Alchornea_glandulosa,Vireo_olivaceus,Pascotto_(2006),(a) Gulpers,1.516129032,10.23571429,4.4
Copaifera_langsdorffii,Myiozetetes_similis,Motta-Jr_e_Lombardi_(1990),(a) Gulpers,1.515151515,12.86666667,9
Eugenia_uniflora,Hylophilus_poicilotis,Lamberti_et_al._(2012),(a) Gulpers,1.515151515,10.1,18.95
Myrsine_coriacea,Sporophila_caerulescens,Pascotto_(2007),(b) Mashers,1.515151515,6.2,3.262
Vassobia_breviflora,Thlypopsis_sordida,Palacio_et_al.,(b) Mashers,1.51,9.628333333,9.96
Trema_micrantha,Dacnis_cayana,Correia_(1997),(b) Mashers,1.507936508,8.03,3.366666667
Nectandra_megapotamica,Tityra_cayana,Krugel_et_al._(2006),(a) Gulpers,1.503759398,10.9,8.700666667
Doliocarpus_dentatus,Pachyramphus_validus,Gondim_(2002),(a) Gulpers,1.5,15.2125,6.317807018
Ficus_calyptroceras,Icterus_pyrrhopterus,Ragusa-Netto,(a) Gulpers,1.5,7.87,10.1
Lacistema_hasslerianum,Tangara_cayana,Gondim_(2002),(b) Mashers,1.5,8.65,5.85
Miconia_ligustroides,Thraupis_sayaca,Gondim_(2002),(b) Mashers,1.5,12,5.715
Morus_rubra,Bombycilla_cedrorum,Jackson_and_Kannan,(a) Gulpers,1.5,6.5,10
Ocotea_corymbosa,Elaenia_flavogaster,Gondim_(2002),(a) Gulpers,1.5,10.7,5.7
Savia_dictiocarpa,Vireo_olivaceus,Gondim_(2002),(a) Gulpers,1.5,10.23571429,5.6
Xylopia_aromatica,Conirostrum_speciosum,Gondim_(2002),(b) Mashers,1.5,7.5,4.3
Xylopia_aromatica,Cyanocorax_chrysops,Gondim_(2002),(a) Gulpers,1.5,19.5,4.3
Alchornea_glandulosa,Myiarchus_swainsoni,Pascotto_(2006),(a) Gulpers,1.48603352,11.35,4.4
Michelia_champaca,Mimus_saturninus,Oliveira_et_al._(2013),(a) Gulpers,1.485148515,12.15,8.5
Miconia_albicans,Ramphocelus_bresilius,Correia_(1997),(b) Mashers,1.476510067,11.73061224,7.62
Michelia_champaca,Tyrannus_melancholicus,Oliveira_et_al._(2013),(a) Gulpers,1.471698113,14.63333333,8.5
Ocotea_pulchella,Mimus_saturninus,Francisco_e_Galetti_(2002),(a) Gulpers,1.470588235,12.15,6.153
Alchornea_triplinervia,Vireo_olivaceus,Correia_(1997),(a) Gulpers,1.46627566,10.23571429,7.15
Aegiphyla_sellowiana,Cnemotriccus_fuscatus,Correia_(1997),(a) Gulpers,1.463414634,9.26,7.1
Ocotea_corymbosa,Pachyramphus_validus,Gondim_(2002),(a) Gulpers,1.461538462,15.2125,5.7
Phoradendron_selloi,Euphonia_chlorotica,Gondim_(2002),(b) Mashers,1.44,7.07,1.8
Cupania_vernalis,Thraupis_sayaca,Blendinger,(b) Mashers,1.43,12,8.75
Cytharexylum_myrianthum,Elaenia_flavogaster,Correia_(1997),(a) Gulpers,1.428571429,10.7,8.3
Ouratea_castanaefolia,Turdus_leucomelas,Gondim_(2002),(a) Gulpers,1.428571429,14.1125,5.8
Siparuna_guianensis,Pitangus_sulphuratus,Gondim_(2002),(a) Gulpers,1.428571429,16.35,3.9
Pera_glabrata,Thraupis_sayaca,Francisco_et_al._(2007),(b) Mashers,1.418803419,12,3.7075
Cupania_vernalis,Empidonomus_varius,Blendinger,(a) Gulpers,1.4,11.5,8.75
Ficus_calyptroceras,Thraupis_sayaca,Ragusa-Netto,(b) Mashers,1.4,12,10.1
Hebepetalum_humiriifolium,Cotinga_cayana,Parrado-Rosselli_and_Amaya-Espinel,(a) Gulpers,1.4,16.9,4.5
Morus_rubra,Mimus_polyglottos,Jackson_and_Kannan,(a) Gulpers,1.4,12.15,10
Podocarpus_parlatorei,Pipraeidea_melanonota,Blendinger,(b) Mashers,1.4,9.3,6
Guarea_guidonia,Ramphocelus_bresilius,Correia_(1997),(b) Mashers,1.388888889,11.73061224,11
Podocarpus_parlatorei,Pachyramphus_validus,Blendinger,(a) Gulpers,1.36,15.2125,6
Ocotea_pulchella,Turdus_amaurochalinus,Francisco_e_Galetti_(2002),(a) Gulpers,1.357466063,12.48,6.153
Myrcia_castrensis,Turdus_leucomelas,Gondim_(2002),(a) Gulpers,1.352941176,14.1125,6.6
Pera_glabrata,Pitangus_sulphuratus,Gondim_(2002),(a) Gulpers,1.352941176,16.35,3.7075
Talauma_ovata,Mimus_saturninus,Cazetta_et_al._(2002),(a) Gulpers,1.351351351,12.15,7.3
Miconia_albicans,Schistochlamys_ruficapillus,Allenspach_e_Dias_(2012),(b) Mashers,1.339285714,11.7,7.62
Guarea_guidonia,Dacnis_cayana,Correia_(1997),(b) Mashers,1.336898396,8.03,11
Alchornea_glandulosa,Turdus_amaurochalinus,Pascotto_(2006),(a) Gulpers,1.333333333,12.48,4.4
Alchornea_glandulosa,Vireo_olivaceus,Zimmermann_(1996),(a) Gulpers,1.333333333,10.23571429,4.4
Davilla_elliptica,Dacnis_cayana,Gondim_(2002),(b) Mashers,1.333333333,8.03,5.5
Eugenia_uniflora,Thraupis_sayaca,Colussi_e_Prestes_(2011),(b) Mashers,1.333333333,12,18.95
Miconia_ligustroides,Hemitriccus_margaritaceiventer,Allenspach_et_al._(2012),(a) Gulpers,1.333333333,5.8,5.715
Allophylus_edulis,Pipraeidea_melanonota,Blendinger,(b) Mashers,1.33,9.3,9.533
Talauma_ovata,Dacnis_cayana,Cazetta_et_al._(2002),(b) Mashers,1.326086957,8.03,7.3
Alchornea_glandulosa,Tangara_cayana,Pascotto_(2006),(b) Mashers,1.315789474,8.65,4.4
Euterpe_edulis,Procnias_nudicollis,Castro_(2003),(a) Gulpers,1.315789474,22.2,13.3575
Talauma_ovata,Thraupis_sayaca,Cazetta_et_al._(2002),(b) Mashers,1.31147541,12,7.3
Davilla_elliptica,Thraupis_sayaca,Gondim_(2002),(b) Mashers,1.3,12,5.5
Ficus_calyptroceras,Trogon_curucui,Ragusa-Netto,(a) Gulpers,1.3,17.535,10.1
Morus_rubra,Catharus_ustulatus,Jackson_and_Kannan,(a) Gulpers,1.3,11.1,10
Morus_rubra,Dumetella_carolinensis,Jackson_and_Kannan,(a) Gulpers,1.3,11.25,10
Rudgea_viburnoides,Tangara_cayana,Gondim_(2002),(b) Mashers,1.3,8.65,6.55
Styrax_pohlii,Turdus_leucomelas,Gondim_(2002),(a) Gulpers,1.3,14.1125,7.2
Podocarpus_parlatorei,Atlapetes_citrinellus,Blendinger,(b) Mashers,1.29,9,6
Doliocarpus_dentatus,Dacnis_cayana,Gondim_(2002),(b) Mashers,1.285714286,8.03,6.317807018
Myrcia_castrensis,Thraupis_sayaca,Gondim_(2002),(b) Mashers,1.285714286,12,6.6
Michelia_champaca,Turdus_leucomelas,Oliveira_et_al._(2013),(a) Gulpers,1.28313253,14.1125,8.5
Michelia_champaca,Empidonomus_varius,Oliveira_et_al._(2013),(a) Gulpers,1.282051282,11.5,8.5
Trema_micrantha,Cnemotriccus_fuscatus,Correia_(1997),(a) Gulpers,1.282051282,9.26,3.366666667
Prunus_myrtifolia,Penelope_superciliaris,Gondim_(2002),(a) Gulpers,1.275,25,8.8
Michelia_champaca,Turdus_amaurochalinus,Oliveira_et_al._(2013),(a) Gulpers,1.274285714,12.48,8.5
Myrsine_coriacea,Elaenia_flavogaster,Correia_(1997),(a) Gulpers,1.271186441,10.7,3.262
Nectandra_megapotamica,Myiarchus_swainsoni,Krugel_et_al._(2006),(a) Gulpers,1.262135922,11.35,8.700666667
Alchornea_glandulosa,Tachyphonus_coronatus,Pascotto_(2006),(b) Mashers,1.25,9.77,4.4
Myrcia_castrensis,Myiozetetes_similis,Gondim_(2002),(a) Gulpers,1.25,12.86666667,6.6
Podocarpus_parlatorei,Zonotrichia_capensis,Blendinger,(b) Mashers,1.25,9,6
Cytharexylum_myrianthum,Myiarchus_ferox,Correia_(1997),(a) Gulpers,1.242236025,12.43333333,8.3
Nectandra_megapotamica,Turdus_amaurochalinus,Krugel_et_al._(2006),(a) Gulpers,1.234567901,12.48,8.700666667
Xylopia_aromatica,Mimus_saturninus,Gondim_(2002),(a) Gulpers,1.227272727,12.15,4.3
Styrax_pohlii,Turdus_amaurochalinus,Gondim_(2002),(a) Gulpers,1.222222222,12.48,7.2
Talauma_ovata,Myiarchus_tyrannulus,Cazetta_et_al._(2002),(a) Gulpers,1.209090909,13.8,7.3
Schefflera_morototoni,Tersina_viridis,Purifica??o_et_al._(2015),(b) Mashers,1.206896552,15.2,9.2
Ficus_guaranitica,Penelope_superciliaris,Gondim_(2002),(a) Gulpers,1.2,25,14.25
Talauma_ovata,Pitangus_sulphuratus,Cazetta_et_al._(2002),(a) Gulpers,1.195804196,16.35,7.3
Michelia_champaca,Pitangus_sulphuratus,Oliveira_et_al._(2013),(a) Gulpers,1.194871795,16.35,8.5
Ocotea_pulchella,Myiodynastes_maculatus,Francisco_e_Galetti_(2002),(a) Gulpers,1.187648456,15.92,6.153
Ouratea_castanaefolia,Pitangus_sulphuratus,Gondim_(2002),(a) Gulpers,1.176470588,16.35,5.8
Alchornea_glandulosa,Thraupis_sayaca,Pascotto_(2006),(b) Mashers,1.173529412,12,4.4
Talauma_ovata,Tangara_cayana,Cazetta_et_al._(2002),(b) Mashers,1.162790698,8.65,7.3
Byrsonima_intermedia,Turdus_leucomelas,Gondim_(2002),(a) Gulpers,1.145833333,14.1125,8.2225
Alchornea_glandulosa,Turdus_albicollis,Pascotto_(2006),(a) Gulpers,1.13507378,12.51891892,4.4
Davilla_elliptica,Pachyramphus_validus,Gondim_(2002),(a) Gulpers,1.133333333,15.2125,5.5
Myrcia_fallax,Manacus_manacus,Correia_(1997),(a) Gulpers,1.127819549,10.5826087,5.4
Pera_glabrata,Coereba_flaveola,Francisco_et_al._(2007),(b) Mashers,1.113981763,5.922222222,3.7075
Nectandra_megapotamica,Myiodynastes_maculatus,Krugel_et_al._(2006),(a) Gulpers,1.095890411,15.92,8.700666667
Myrsine_coriacea,Myiarchus_ferox,Correia_(1997),(a) Gulpers,1.092896175,12.43333333,3.262
Cupania_vernalis,Pachyramphus_validus,Gondim_(2002),(a) Gulpers,1.09,15.2125,8.75
Alchornea_glandulosa,Cyclarhis_gujanensis,Pascotto_(2006),(a) Gulpers,1.078838174,11.1,4.4
Cupania_vernalis,Turdus_leucomelas,Gondim_(2002),(a) Gulpers,1.076923077,14.1125,8.75
Savia_dictiocarpa,Dacnis_cayana,Gondim_(2002),(b) Mashers,1.076923077,8.03,5.6
Tabernaemontana_fuchsaefolia,Turdus_leucomelas,Gondim_(2002),(a) Gulpers,1.075,14.1125,6.6
Pera_glabrata,Tangara_cayana,Gondim_(2002),(b) Mashers,1.074074074,8.65,3.7075
Michelia_champaca,Thraupis_sayaca,Oliveira_et_al._(2013),(b) Mashers,1.072580645,12,8.5
Ilex_cerasifolia,Elaenia_flavogaster,Gondim_(2002),(a) Gulpers,1.068027211,10.7,4.9
Faramea_hyacinthina,Antilophia_galeata,Melo_et_al._(2003),(a) Gulpers,1.0625,7.3,8.9
Miconia_cinnamomifolia,Capsiempis_flaveola,Correia_(1997),(a) Gulpers,1.060070671,8.3,3.2
Ocotea_pulchella,Myiarchus_tyrannulus,Francisco_e_Galetti_(2002),(a) Gulpers,1.04,13.8,6.153
Viscum_album,Cyanistes_caeruleus,Mellado_and_Zamora,(b) Mashers,1.03,8.3,7.5
Xylopia_aromatica,Dacnis_cayana,Gondim_(2002),(b) Mashers,1.029411765,8.03,4.3
Podocarpus_parlatorei,Turdus_nigriceps,Blendinger,(a) Gulpers,1.02,13.5,6
Xylopia_sericea,Ramphocelus_bresilius,Correia_(1997),(b) Mashers,1.01010101,11.73061224,7.4
Myrsine_coriacea,Brotogeris_versicolurus,Pascotto_(2007),(b) Mashers,1.003344482,9.9,3.262
Amaioua_guianensis,Turdus_amaurochalinus,Gondim_(2002),(a) Gulpers,1,12.48,9.573333333
Byrsonima_intermedia,Pitangus_sulphuratus,Gondim_(2002),(a) Gulpers,1,16.35,8.2225
Copaifera_langsdorffii,Mimus_saturninus,Motta-Jr_e_Lombardi_(1990),(a) Gulpers,1,12.15,9
Copaifera_langsdorffii,Dacnis_cayana,Gondim_(2002),(b) Mashers,1,8.03,9
Cupania_vernalis,Empidonomus_varius,Gondim_(2002),(a) Gulpers,1,11.5,8.75
Didymopanax_vinosum,Cyanocorax_chrysops,Gondim_(2002),(a) Gulpers,1,19.5,6
Doliocarpus_dentatus,Myiodynastes_maculatus,Gondim_(2002),(a) Gulpers,1,15.92,6.317807018
Ficus_calyptroceras,Pitangus_sulphuratus,Ragusa-Netto,(a) Gulpers,1,16.35,10.1
Ficus_guaranitica,Elaenia_flavogaster,Gondim_(2002),(a) Gulpers,1,12.7,14.25
Guarea_guidonia,Turdus_amaurochalinus,Correia_(1997),(a) Gulpers,1,12.48,11
Lacistema_hasslerianum,Thraupis_sayaca,Gondim_(2002),(b) Mashers,1,12,5.85
Miconia_albicans,Arremon_flavirostris,Gondim_(2002),(b) Mashers,1,8.9,7.62
Miconia_albicans,Turdus_leucomelas,Gondim_(2002),(a) Gulpers,1,14.1125,7.62
Miconia_stenostachya,Myiodynastes_maculatus,Gondim_(2002),(a) Gulpers,1,15.92,7.4
Myrcia_castrensis,Pitangus_sulphuratus,Gondim_(2002),(a) Gulpers,1,16.35,6.6
Ocotea_corymbosa,Megarynchus_pitangua,Gondim_(2002),(a) Gulpers,1,18,5.7
Ocotea_corymbosa,Celeus_flavescens,Gondim_(2002),(a) Gulpers,1,15.75,5.7
Ocotea_pulchella,Thraupis_sayaca,Gondim_(2002),(b) Mashers,1,12,6.153
Palicourea_marcgravii,Cyclarhis_gujanensis,Gondim_(2002),(a) Gulpers,1,11.1,7.7
Podocarpus_parlatorei,Tyrannus_melancholicus,Blendinger,(a) Gulpers,1,14.63333333,6
Prunus_myrtifolia,Elaenia_flavogaster,Gondim_(2002),(a) Gulpers,1,10.7,8.8
Siparuna_guianensis,Dacnis_cayana,Gondim_(2002),(b) Mashers,1,8.03,3.9
Styrax_pohlii,Pachyramphus_validus,Gondim_(2002),(a) Gulpers,1,15.2125,7.2
Tabernaemontana_fuchsaefolia,Leptotila_rufaxilla,Gondim_(2002),(a) Gulpers,1,8.642857143,6.6
Tabernaemontana_fuchsaefolia,Myiarchus_tyrannulus,Gondim_(2002),(a) Gulpers,1,13.8,6.6
Talauma_ovata,Myiarchus_ferox,Cazetta_et_al._(2002),(a) Gulpers,1,12.43333333,7.3
Tapirira_guianensis,Turdus_leucomelas,Gondim_(2002),(a) Gulpers,1,14.1125,9.1
Tapirira_guianensis,Vireo_olivaceus,Gondim_(2002),(a) Gulpers,1,10.23571429,9.1
Trichilia_pallida,Myiarchus_tyrannulus,Gondim_(2002),(a) Gulpers,1,13.8,7.6
Xylopia_aromatica,Myiarchus_tyrannulus,Gondim_(2002),(a) Gulpers,1,13.8,4.3
Alchornea_glandulosa,Dacnis_cayana,Zimmermann_(1996),(b) Mashers,0.98245614,8.03,4.4
Eugenia_uniflora,Turdus_rufiventris,Colussi_e_Prestes_(2011),(a) Gulpers,0.980392157,14.50625,18.95
Struthanthus_concinnus,Tersina_viridis,Guerra_e_Marini_(2002),(b) Mashers,0.98,15.2,3.98
Talauma_ovata,Turdus_amaurochalinus,Cazetta_et_al._(2002),(a) Gulpers,0.978813559,12.48,7.3
Aegiphyla_sellowiana,Cacicus_haemorrhous,Correia_(1997),(a) Gulpers,0.975609756,12.1125,7.1
Guarea_guidonia,Myiodynastes_maculatus,Correia_(1997),(a) Gulpers,0.975609756,15.92,11
Curatella_americana,Myiodynastes_maculatus,Pascotto_et_al._(2012),(a) Gulpers,0.965517241,15.92,13.9275
Cupania_vernalis,Cyanocorax_chrysops,Gondim_(2002),(a) Gulpers,0.961538462,19.5,8.75
Podocarpus_parlatorei,Euphonia_cyanocephala,Blendinger,(b) Mashers,0.96,7.5,6
Miconia_albicans,Hemithraupis_flavicollis,Correia_(1997),(b) Mashers,0.952380952,7.5,7.62
Plinia_peruviana,Cacicus_chrysopterus,Colussi_e_Prestes_(2011),(a) Gulpers,0.952380952,10.6,10.3
Alchornea_glandulosa,Empidonomus_varius,Zimmermann_(1996),(a) Gulpers,0.948339483,11.5,4.4
Eugenia_uniflora,Synallaxis_ruficapilla,Colussi_e_Prestes_(2011),(a) Gulpers,0.943319838,8.55,18.95
Coussarea_hydrangeifolia,Cyanocorax_cristatellus,Gondim_(2002),(a) Gulpers,0.941176471,18.2,7.4
Faramea_hyacinthina,Turdus_leucomelas,Melo_et_al._(2003),(a) Gulpers,0.939501779,14.1125,8.9
Xylopia_sericea,Saltator_maximus,Correia_(1997),(b) Mashers,0.938967136,12.7,7.4
Talauma_ovata,Vireo_olivaceus,Cazetta_et_al._(2002),(a) Gulpers,0.935064935,10.23571429,7.3
Aegiphyla_sellowiana,Turdus_amaurochalinus,Correia_(1997),(a) Gulpers,0.930232558,12.48,7.1
Podocarpus_parlatorei,Pheucticus_aureoventris,Blendinger,(b) Mashers,0.93,14.2,6
Nectandra_megapotamica,Pachyramphus_polychopterus,Krugel_et_al._(2006),(a) Gulpers,0.925925926,12.35,8.700666667
Miconia_albicans,Myiozetetes_similis,Correia_(1997),(a) Gulpers,0.925266904,12.86666667,7.62
Myrciaria_ciliolata,Elaenia_mesoleuca,Gondim_(2002),(a) Gulpers,0.916666667,11,7.6
Copaifera_langsdorffii,Turdus_rufiventris,Motta-Jr_e_Lombardi_(1990),(a) Gulpers,0.913242009,14.50625,9
Ocotea_corymbosa,Tangara_cayana,Gondim_(2002),(b) Mashers,0.90625,8.65,5.7
Podocarpus_parlatorei,Elaenia_albiceps,Blendinger,(a) Gulpers,0.9,9.2,6
Ficus_guaranitica,Thraupis_sayaca,Gondim_(2002),(b) Mashers,0.882352941,12,14.25
Savia_dictiocarpa,Thraupis_sayaca,Gondim_(2002),(b) Mashers,0.875,12,5.6
Michelia_champaca,Thraupis_palmarum,Oliveira_et_al._(2013),(b) Mashers,0.869281046,12,8.5
Ocotea_pulchella,Schistochlamys_ruficapillus,Francisco_e_Galetti_(2002),(b) Mashers,0.863787375,11.7,6.153
Henriettea_succosa,Euphonia_violacea,Correia_(1997),(b) Mashers,0.862068966,7.9,16
Miconia_prasina,Thraupis_sayaca,Correia_(1997),(b) Mashers,0.862068966,12,6.509425
Aegiphyla_sellowiana,Dacnis_cayana,Correia_(1997),(b) Mashers,0.858369099,8.03,7.1
Byrsonima_intermedia,Penelope_superciliaris,Gondim_(2002),(a) Gulpers,0.857142857,25,8.2225
Ocotea_pulchella,Turdus_rufiventris,Francisco_e_Galetti_(2002),(a) Gulpers,0.855721393,14.50625,6.153
Faramea_hyacinthina,Turdus_leucomelas,Melo_et_al._(2003),(a) Gulpers,0.848765432,14.1125,8.9
Cupania_oblongifolia,Turdus_rufiventris,Correia_(1997),(a) Gulpers,0.842696629,14.50625,11
Amaioua_guianensis,Pitangus_sulphuratus,Gondim_(2002),(a) Gulpers,0.833333333,16.35,9.573333333
Ilex_cerasifolia,Tangara_cayana,Gondim_(2002),(b) Mashers,0.833333333,8.65,4.9
Aegiphyla_sellowiana,Tachyphonus_cristatus,Correia_(1997),(b) Mashers,0.826446281,9.385714286,7.1
Aegiphyla_sellowiana,Myiarchus_ferox,Correia_(1997),(a) Gulpers,0.826446281,12.43333333,7.1
Talauma_ovata,Myiodynastes_maculatus,Cazetta_et_al._(2002),(a) Gulpers,0.823045267,15.92,7.3
Michelia_champaca,Tersina_viridis,Oliveira_et_al._(2013),(b) Mashers,0.803125,15.2,8.5
Xylopia_aromatica,Pitangus_sulphuratus,Gondim_(2002),(a) Gulpers,0.8,16.35,4.3
Xylopia_aromatica,Thraupis_sayaca,Gondim_(2002),(b) Mashers,0.8,12,4.3
Faramea_hyacinthina,Turdus_amaurochalinus,Melo_et_al._(2003),(a) Gulpers,0.796143251,12.48,8.9
Guarea_guidonia,Manacus_manacus,Correia_(1997),(a) Gulpers,0.794392523,10.5826087,11
Faramea_hyacinthina,Saltator_similis,Melo_et_al._(2003),(b) Mashers,0.793650794,12.05,8.9
Tabernaemontana_fuchsaefolia,Mimus_saturninus,Gondim_(2002),(a) Gulpers,0.780487805,12.15,6.6
Nectandra_megapotamica,Empidonomus_varius,Krugel_et_al._(2006),(a) Gulpers,0.769230769,11.5,8.700666667
Miconia_albicans,Turdus_leucomelas,Correia_(1997),(a) Gulpers,0.763358779,14.1125,7.62
Alchornea_triplinervia,Ramphocelus_bresilius,Correia_(1997),(b) Mashers,0.754716981,11.73061224,7.15
Talauma_ovata,Thraupis_sayaca,Cazetta_et_al._(2002),(b) Mashers,0.75,12,7.3
Ocotea_corymbosa,Turdus_leucomelas,Gondim_(2002),(a) Gulpers,0.739130435,14.1125,5.7
Plinia_peruviana,Cyanocorax_chrysops,Colussi_e_Prestes_(2011),(a) Gulpers,0.738888889,19.5,10.3
Tapirira_guianensis,Dacnis_cayana,Gondim_(2002),(b) Mashers,0.736842105,8.03,9.1
Cupania_vernalis,Myiodynastes_maculatus,Gondim_(2002),(a) Gulpers,0.72,15.92,8.75
Henriettea_succosa,Manacus_manacus,Correia_(1997),(a) Gulpers,0.71942446,10.5826087,16
Ocotea_corymbosa,Camptostoma_obsoletum,Gondim_(2002),(a) Gulpers,0.714285714,7.08125,5.7
Amaioua_guianensis,Cyanocorax_chrysops,Gondim_(2002),(a) Gulpers,0.7,19.5,9.573333333
Lantana_camara,Aegithina_tiphia,Ramaswami_et_al.,(a) Gulpers,0.7,6.3,5.285
Ocotea_corymbosa,Thraupis_sayaca,Gondim_(2002),(b) Mashers,0.7,12,5.7
Siparuna_guianensis,Cyanocorax_cristatellus,Gondim_(2002),(a) Gulpers,0.7,18.2,3.9
Talauma_ovata,Ramphocelus_carbo,Cazetta_et_al._(2002),(b) Mashers,0.69874477,10,7.3
Euterpe_edulis,Selenidera_maculirostris,C?rtes_(2003),(a) Gulpers,0.697674419,26.08333333,13.3575
Copaifera_langsdorffii,Myiarchus_tyrannulus,Motta-Jr_e_Lombardi_(1990),(a) Gulpers,0.684931507,13.8,9
Ocotea_pulchella,Tyrannus_melancholicus,Francisco_e_Galetti_(2002),(a) Gulpers,0.680272109,14.63333333,6.153
Podocarpus_parlatorei,Elaenia_strepera,Blendinger,(a) Gulpers,0.68,13.1,6
Trichilia_pallida,Mimus_saturninus,Gondim_(2002),(a) Gulpers,0.675675676,12.15,7.6
Ocotea_pulchella,Myiozetetes_similis,Francisco_e_Galetti_(2002),(a) Gulpers,0.670731707,12.86666667,6.153
Alchornea_glandulosa,Tachyphonus_coronatus,Zimmermann_(1996),(b) Mashers,0.666666667,9.77,4.4
Michelia_champaca,Saltator_similis,Oliveira_et_al._(2013),(b) Mashers,0.666666667,12.05,8.5
Miconia_albicans,Saltator_maximus,Correia_(1997),(b) Mashers,0.666666667,12.7,7.62
Ouratea_castanaefolia,Empidonomus_varius,Gondim_(2002),(a) Gulpers,0.666666667,11.5,5.8
Xylopia_aromatica,Saltator_similis,Gondim_(2002),(b) Mashers,0.666666667,12.05,4.3
Ocotea_corymbosa,Tersina_viridis,Gondim_(2002),(b) Mashers,0.665,15.2,5.7
Faramea_hyacinthina,Tyrannus_melancholicus,Melo_et_al._(2003),(a) Gulpers,0.662251656,14.63333333,8.9
Xylopia_aromatica,Icterus_pyrrhopterus,Gondim_(2002),(a) Gulpers,0.66,7.87,4.3
Curatella_americana,Cyanocorax_cyanopogon,Pascotto_et_al._(2012),(a) Gulpers,0.641025641,17,13.9275
Miconia_prasina,Ramphocelus_bresilius,Correia_(1997),(b) Mashers,0.637254902,11.73061224,6.509425
Rudgea_viburnoides,Turdus_leucomelas,Gondim_(2002),(a) Gulpers,0.636363636,14.1125,6.55
Tabernaemontana_fuchsaefolia,Icterus_pyrrhopterus,Gondim_(2002),(a) Gulpers,0.636363636,7.87,6.6
Faramea_hyacinthina,Turdus_amaurochalinus,Melo_et_al._(2003),(a) Gulpers,0.634877384,12.48,8.9
Alchornea_glandulosa,Ramphocelus_carbo,Pascotto_(2006),(b) Mashers,0.631578947,10,4.4
Euterpe_edulis,Selenidera_maculirostris,Castro_(2003),(a) Gulpers,0.62962963,26.08333333,13.3575
Amaioua_guianensis,Turdus_leucomelas,Gondim_(2002),(a) Gulpers,0.625,14.1125,9.573333333
Byrsonima_intermedia,Megarynchus_pitangua,Gondim_(2002),(a) Gulpers,0.625,18,8.2225
Ficus_guaranitica,Dacnis_cayana,Gondim_(2002),(b) Mashers,0.625,8.03,14.25
Trichilia_pallida,Dacnis_cayana,Gondim_(2002),(b) Mashers,0.625,8.03,7.6
Styrax_pohlii,Tangara_cayana,Gondim_(2002),(b) Mashers,0.615384615,8.65,7.2
Alchornea_glandulosa,Mimus_saturninus,Pascotto_(2006),(a) Gulpers,0.602409639,12.15,4.4
Plinia_peruviana,Pyrrhura_frontalis,Colussi_e_Prestes_(2011),(b) Mashers,0.596529284,13.5,10.3
Faramea_hyacinthina,Turdus_rufiventris,Melo_et_al._(2003),(a) Gulpers,0.595611285,14.50625,8.9
Myrcia_castrensis,Tyrannus_melancholicus,Gondim_(2002),(a) Gulpers,0.590909091,14.63333333,6.6
Miconia_cinnamomifolia,Pipra_chloromeros,Correia_(1997),(a) Gulpers,0.586080586,11,3.2
Copaifera_langsdorffii,Schistochlamys_ruficapillus,Motta-Jr_e_Lombardi_(1990),(b) Mashers,0.582959641,11.7,9
Talauma_ovata,Turdus_leucomelas,Cazetta_et_al._(2002),(a) Gulpers,0.581081081,14.1125,7.3
Nectandra_megapotamica,Saltator_similis,Krugel_et_al._(2006),(b) Mashers,0.578034682,12.05,8.700666667
Plinia_peruviana,Saltator_similis,Colussi_e_Prestes_(2011),(b) Mashers,0.57704918,12.05,10.3
Tabernaemontana_fuchsaefolia,Cyanocorax_cristatellus,Gondim_(2002),(a) Gulpers,0.575,18.2,6.6
Styrax_pohlii,Thraupis_sayaca,Gondim_(2002),(b) Mashers,0.571428571,12,7.2
Styrax_pohlii,Elaenia_flavogaster,Gondim_(2002),(a) Gulpers,0.571428571,10.7,7.2
Tapirira_guianensis,Penelope_superciliaris,Gondim_(2002),(a) Gulpers,0.566666667,25,9.1
Plinia_peruviana,Turdus_leucomelas,Colussi_e_Prestes_(2011),(a) Gulpers,0.563380282,14.1125,10.3
Faramea_hyacinthina,Megarynchus_pitangua,Melo_et_al._(2003),(a) Gulpers,0.5625,18,8.9
Copaifera_langsdorffii,Thraupis_sayaca,Motta-Jr_e_Lombardi_(1990),(b) Mashers,0.559006211,12,9
Byrsonima_intermedia,Thraupis_sayaca,Gondim_(2002),(b) Mashers,0.551724138,12,8.2225
Eugenia_uniflora,Tersina_viridis,Colussi_e_Prestes_(2011),(b) Mashers,0.543307087,15.2,18.95
Aegiphyla_sellowiana,Coereba_flaveola,Correia_(1997),(b) Mashers,0.534759358,5.922222222,7.1
Michelia_champaca,Machetornis_rixosa,Oliveira_et_al._(2013),(a) Gulpers,0.534759358,11.4,8.5
Pera_glabrata,Dacnis_cayana,Gondim_(2002),(b) Mashers,0.515151515,8.03,3.7075
Xylopia_sericea,Hemithraupis_flavicollis,Correia_(1997),(b) Mashers,0.505050505,7.5,7.4
Plinia_peruviana,Thraupis_sayaca,Colussi_e_Prestes_(2011),(b) Mashers,0.501457726,12,10.3
Byrsonima_intermedia,Tyrannus_melancholicus,Gondim_(2002),(a) Gulpers,0.5,14.63333333,8.2225
Copaifera_langsdorffii,Tangara_cayana,Motta-Jr_e_Lombardi_(1990),(b) Mashers,0.5,8.65,9
Coussarea_hydrangeifolia,Tityra_cayana,Gondim_(2002),(a) Gulpers,0.5,10.9,7.4
Ocotea_corymbosa,Myiozetetes_similis,Gondim_(2002),(a) Gulpers,0.5,12.86666667,5.7
Palicourea_marcgravii,Thraupis_sayaca,Gondim_(2002),(b) Mashers,0.5,12,7.7
Tabernaemontana_fuchsaefolia,Conirostrum_speciosum,Gondim_(2002),(b) Mashers,0.5,7.5,6.6
Talauma_ovata,Tachyphonus_coronatus,Cazetta_et_al._(2002),(b) Mashers,0.5,9.77,7.3
Talauma_ovata,Myiozetetes_similis,Cazetta_et_al._(2002),(a) Gulpers,0.5,12.86666667,7.3
Tapirira_guianensis,Parula_pitiayumi,Gondim_(2002),(a) Gulpers,0.5,6.2,9.1
Trichilia_pallida,Thraupis_sayaca,Gondim_(2002),(b) Mashers,0.5,12,7.6
Xylopia_aromatica,Pachyramphus_validus,Gondim_(2002),(a) Gulpers,0.5,15.2125,4.3
Miconia_cinnamomifolia,Megarynchus_pitangua,Correia_(1997),(a) Gulpers,0.492610837,18,3.2
Cytharexylum_myrianthum,Legatus_leucophaius,Correia_(1997),(a) Gulpers,0.488372093,13.2,8.3
Ocotea_corymbosa,Elaenia_sp,Gondim_(2002),(a) Gulpers,0.470588235,11,5.7
Talauma_ovata,Cyanocorax_cristatellus,Cazetta_et_al._(2002),(a) Gulpers,0.465116279,18.2,7.3
Ocotea_corymbosa,Dacnis_cayana,Gondim_(2002),(b) Mashers,0.464285714,8.03,5.7
Virola_sebifera,Tangara_cayana,Gondim_(2002),(b) Mashers,0.461538462,8.65,10.25
Cupania_vernalis,Myiarchus_ferox,Gondim_(2002),(a) Gulpers,0.454545455,12.43333333,8.75
Tabernaemontana_fuchsaefolia,Pitangus_sulphuratus,Gondim_(2002),(a) Gulpers,0.438596491,16.35,6.6
Michelia_champaca,Myiozetetes_similis,Oliveira_et_al._(2013),(a) Gulpers,0.436681223,12.86666667,8.5
Copaifera_langsdorffii,Elaenia_obscura,Motta-Jr_e_Lombardi_(1990),(a) Gulpers,0.434782609,11.8125,9
Michelia_champaca,Dacnis_cayana,Oliveira_et_al._(2013),(b) Mashers,0.432748538,8.03,8.5
Xylopia_sericea,Myiarchus_ferox,Correia_(1997),(a) Gulpers,0.423728814,12.43333333,7.4
Copaifera_langsdorffii,Turdus_leucomelas,Gondim_(2002),(a) Gulpers,0.4,14.1125,9
Talauma_ovata,Empidonomus_varius,Cazetta_et_al._(2002),(a) Gulpers,0.396825397,11.5,7.3
Siparuna_guianensis,Cyanocorax_chrysops,Gondim_(2002),(a) Gulpers,0.391304348,19.5,3.9
Tapirira_guianensis,Pachyramphus_validus,Gondim_(2002),(a) Gulpers,0.357142857,15.2125,9.1
Podocarpus_parlatorei,Catharus_ustulatus,Blendinger,(a) Gulpers,0.35,11.1,6
Tapirira_guianensis,Molothrus_bonariensis,Gondim_(2002),(a) Gulpers,0.35,14.6,9.1
Tabernaemontana_fuchsaefolia,Thraupis_sayaca,Gondim_(2002),(b) Mashers,0.338461538,12,6.6
Cytharexylum_myrianthum,Turdus_amaurochalinus,Correia_(1997),(a) Gulpers,0.334788937,12.48,8.3
Amaioua_guianensis,Thraupis_sayaca,Gondim_(2002),(b) Mashers,0.333333333,12,9.573333333
Coussarea_hydrangeifolia,Cyanocorax_chrysops,Gondim_(2002),(a) Gulpers,0.333333333,19.5,7.4
Cupania_vernalis,Tyrannus_melancholicus,Gondim_(2002),(a) Gulpers,0.333333333,14.63333333,8.75
Cupania_vernalis,Tangara_cayana,Gondim_(2002),(b) Mashers,0.333333333,8.65,8.75
Tabernaemontana_fuchsaefolia,Dacnis_cayana,Gondim_(2002),(b) Mashers,0.333333333,8.03,6.6
Cytharexylum_myrianthum,Conirostrum_speciosum,Correia_(1997),(b) Mashers,0.327332242,7.5,8.3
Cupania_vernalis,Thraupis_sayaca,Gondim_(2002),(b) Mashers,0.325,12,8.75
Alchornea_triplinervia,Cyanerpes_cyaneus,Correia_(1997),(b) Mashers,0.324675325,7.458823529,7.15
Ocotea_corymbosa,Pitangus_sulphuratus,Gondim_(2002),(a) Gulpers,0.317647059,16.35,5.7
Cytharexylum_myrianthum,Myiodynastes_maculatus,Correia_(1997),(a) Gulpers,0.300480769,15.92,8.3
Trattinnickia_lawrencei,Cotinga_cayana,Parrado-Rosselli_and_Amaya-Espinel,(a) Gulpers,0.3,16.9,3.5
Michelia_champaca,Turdus_rufiventris,Oliveira_et_al._(2013),(a) Gulpers,0.299401198,14.50625,8.5
Myrsine_coriacea,Thraupis_sayaca,Francisco_e_Galetti_(2001),(b) Mashers,0.297619048,12,3.262
Amaioua_guianensis,Myiozetetes_similis,Gondim_(2002),(a) Gulpers,0.285714286,12.86666667,9.573333333
Cupania_vernalis,Dacnis_cayana,Gondim_(2002),(b) Mashers,0.285714286,8.03,8.75
Miconia_albicans,Tyrannus_melancholicus,Correia_(1997),(a) Gulpers,0.284900285,14.63333333,7.62
Byrsonima_intermedia,Myiozetetes_similis,Gondim_(2002),(a) Gulpers,0.282608696,12.86666667,8.2225
Doliocarpus_dentatus,Pitangus_sulphuratus,Gondim_(2002),(a) Gulpers,0.266666667,16.35,6.317807018
Cytharexylum_myrianthum,Thraupis_sayaca,Correia_(1997),(b) Mashers,0.259067358,12,8.3
Cytharexylum_myrianthum,Dacnis_cayana,Correia_(1997),(b) Mashers,0.257400257,8.03,8.3
Amaioua_guianensis,Penelope_superciliaris,Gondim_(2002),(a) Gulpers,0.246666667,25,9.573333333
Pera_glabrata,Elaenia_sp,Gondim_(2002),(a) Gulpers,0.230769231,11,3.7075
Ocotea_corymbosa,Aratinga_leucophtalmus,Gondim_(2002),(b) Mashers,0.23,16.7,5.7
Tabernaemontana_fuchsaefolia,Tangara_cayana,Gondim_(2002),(b) Mashers,0.227272727,8.65,6.6
Xylopia_aromatica,Brotogeris_chiriri,Gondim_(2002),(b) Mashers,0.214285714,9.9,4.3
Miconia_cinnamomifolia,Turdus_amaurochalinus,Correia_(1997),(a) Gulpers,0.213675214,12.48,3.2
Cytharexylum_myrianthum,Tyrannus_melancholicus,Correia_(1997),(a) Gulpers,0.20979021,14.63333333,8.3
Virola_sebifera,Pipraeidea_melanonota,Gondim_(2002),(b) Mashers,0.2,9.3,10.25
Virola_sebifera,Tersina_viridis,Gondim_(2002),(b) Mashers,0.184210526,15.2,10.25
Euterpe_edulis,Selenidera_maculirostris,Castro_(2003),(a) Gulpers,0.182217344,26.08333333,13.3575
Ocotea_corymbosa,Mimus_saturninus,Gondim_(2002),(a) Gulpers,0.166,12.15,5.7
Tabernaemontana_fuchsaefolia,Camptostoma_obsoletum,Gondim_(2002),(a) Gulpers,0.15,7.08125,6.6
Byrsonima_intermedia,Pachyramphus_validus,Gondim_(2002),(a) Gulpers,0.135135135,15.2125,8.2225
Tapirira_guianensis,Tyrannus_melancholicus,Gondim_(2002),(a) Gulpers,0.130434783,14.63333333,9.1
Trichilia_pallida,Leptotila_rufaxilla,Gondim_(2002),(a) Gulpers,0.130434783,8.642857143,7.6
Amaioua_guianensis,Elaenia_mesoleuca,Gondim_(2002),(a) Gulpers,0.125,11,9.573333333
Amaioua_guianensis,Tangara_cayana,Gondim_(2002),(b) Mashers,0.111111111,8.65,9.573333333
Pera_glabrata,Pachyramphus_validus,Gondim_(2002),(a) Gulpers,0.1,15.2125,3.7075
Tapirira_guianensis,Empidonomus_varius,Gondim_(2002),(a) Gulpers,0.1,11.5,9.1
Cytharexylum_myrianthum,Euphonia_violacea,Correia_(1997),(b) Mashers,0.07204611,7.9,8.3
Tapirira_guianensis,Myiodynastes_maculatus,Gondim_(2002),(a) Gulpers,0.066666667,15.92,9.1
Alibertia_sessilis,Penelope_superciliaris,Gondim_(2002),(a) Gulpers,0.035714286,25,22.35
Ouratea_castanaefolia,Celeus_flavescens,Gondim_(2002),(a) Gulpers,0.03030303,15.75,5.8
