"plot","surv","height","height2","dieback","manag","fire","elev","pforest"
"101",1,352,370,13,"Ranching","Unburned plots",1537,5
"101",1,350,405,3,"Ranching","Unburned plots",1537,5
"102",1,280,390,15,"Ranching","Unburned plots",1524,10
"102",1,605,424,34,"Ranching","Unburned plots",1524,10
"102",0,657,NA,NA,"Ranching","Unburned plots",1524,10
"103",1,290,199,70,"Ranching","Burned plots",1698,15
"103",1,320,287,65,"Ranching","Burned plots",1698,15
"104",1,276,280,3,"Ranching","Unburned plots",1706,10
"105",1,214,215,2,"Ranching","Unburned plots",1711,15
"105",1,350,398,6,"Ranching","Unburned plots",1711,15
"105",1,300,432,3,"Ranching","Unburned plots",1711,15
"105",1,465,470,4,"Ranching","Unburned plots",1711,15
"106",1,270,242,7,"Ranching","Unburned plots",1606,10
"106",1,254,314,10,"Ranching","Unburned plots",1606,10
"106",1,315,328,35,"Ranching","Unburned plots",1606,10
"106",1,273,NA,NA,"Ranching","Unburned plots",1606,10
"106",1,325,NA,NA,"Ranching","Unburned plots",1606,10
"107",1,236,40,90,"Ranching","Unburned plots",1702,15
"107",1,226,279,7,"Ranching","Unburned plots",1702,15
"107",1,270,313,30,"Ranching","Unburned plots",1702,15
"107",1,270,341,40,"Ranching","Unburned plots",1702,15
"107",1,210,NA,NA,"Ranching","Unburned plots",1702,15
"108",1,248,241,35,"Ranching","Unburned plots",1729,15
"108",1,283,293,7,"Ranching","Unburned plots",1729,15
"108",1,287,317,9,"Ranching","Unburned plots",1729,15
"108",1,238,321,20,"Ranching","Unburned plots",1729,15
"108",1,282,372,10,"Ranching","Unburned plots",1729,15
"108",1,318,428,3,"Ranching","Unburned plots",1729,15
"108",1,248,NA,NA,"Ranching","Unburned plots",1729,15
"108",1,263,NA,NA,"Ranching","Unburned plots",1729,15
"108",1,365,NA,NA,"Ranching","Unburned plots",1729,15
"109",1,322,210,17,"Ranching","Unburned plots",1710,10
"109",1,234,320,1,"Ranching","Unburned plots",1710,10
"110",1,223,336,8,"Ranching","Unburned plots",2176,5
"110",1,268,361,47,"Ranching","Unburned plots",2176,5
"111",1,244,359,7,"Ranching","Unburned plots",2153,15
"111",1,285,387,7,"Ranching","Unburned plots",2153,15
"111",1,320,394,6,"Ranching","Unburned plots",2153,15
"111",1,354,416,35,"Ranching","Unburned plots",2153,15
"111",1,647,592,50,"Ranching","Unburned plots",2153,15
"111",0,363,NA,NA,"Ranching","Unburned plots",2153,15
"111",1,360,NA,NA,"Ranching","Unburned plots",2153,15
"112",1,330,347,1,"Ranching","Unburned plots",1813,10
"112",1,270,477,5,"Ranching","Unburned plots",1813,10
"113",1,350,387,2,"Ranching","Unburned plots",1882,25
"113",1,252,433,10,"Ranching","Unburned plots",1882,25
"113",1,570,480,3,"Ranching","Unburned plots",1882,25
"113",1,267,NA,NA,"Ranching","Unburned plots",1882,25
"113",1,400,NA,NA,"Ranching","Unburned plots",1882,25
"114",1,341,472,9,"Ranching","Unburned plots",1996,14
"114",1,420,510,20,"Ranching","Unburned plots",1996,14
"114",1,320,510,3,"Ranching","Unburned plots",1996,14
"114",1,1000,678,1,"Ranching","Unburned plots",1996,14
"114",1,700,680,5,"Ranching","Unburned plots",1996,14
"114",1,600,696,3,"Ranching","Unburned plots",1996,14
"114",1,700,770,5,"Ranching","Unburned plots",1996,14
"114",1,248,NA,NA,"Ranching","Unburned plots",1996,14
"115",1,220,310,2,"Ranching","Unburned plots",1877,5
"115",1,450,355,4,"Ranching","Unburned plots",1877,5
"115",1,350,381,10,"Ranching","Unburned plots",1877,5
"115",1,230,390,1,"Ranching","Unburned plots",1877,5
"115",1,205,390,5,"Ranching","Unburned plots",1877,5
"115",1,255,395,10,"Ranching","Unburned plots",1877,5
"115",1,350,420,15,"Ranching","Unburned plots",1877,5
"115",1,400,450,10,"Ranching","Unburned plots",1877,5
"115",1,235,460,1,"Ranching","Unburned plots",1877,5
"115",1,351,470,8,"Ranching","Unburned plots",1877,5
"115",1,430,530,6,"Ranching","Unburned plots",1877,5
"115",1,410,540,6,"Ranching","Unburned plots",1877,5
"115",1,580,660,8,"Ranching","Unburned plots",1877,5
"115",1,320,NA,NA,"Ranching","Unburned plots",1877,5
"115",1,480,NA,NA,"Ranching","Unburned plots",1877,5
"115",1,780,NA,NA,"Ranching","Unburned plots",1877,5
"115",1,750,NA,NA,"Ranching","Unburned plots",1877,5
"116",1,580,520,8,"Ranching","Unburned plots",1853,15
"116",1,600,583,6,"Ranching","Unburned plots",1853,15
"116",1,275,NA,NA,"Ranching","Unburned plots",1853,15
"117",1,550,480,70,"Ranching","Unburned plots",1859,5
"118",1,230,296,1,"Ranching","Unburned plots",1834,45
"118",1,370,330,8,"Ranching","Unburned plots",1834,45
"118",1,260,348,3,"Ranching","Unburned plots",1834,45
"118",1,240,370,30,"Ranching","Unburned plots",1834,45
"118",1,330,440,5,"Ranching","Unburned plots",1834,45
"118",1,445,560,2,"Ranching","Unburned plots",1834,45
"118",1,440,573,2,"Ranching","Unburned plots",1834,45
"118",1,458,580,5,"Ranching","Unburned plots",1834,45
"118",1,530,620,8,"Ranching","Unburned plots",1834,45
"118",1,340,NA,NA,"Ranching","Unburned plots",1834,45
"118",1,400,NA,NA,"Ranching","Unburned plots",1834,45
"118",1,381,NA,NA,"Ranching","Unburned plots",1834,45
"118",1,500,NA,NA,"Ranching","Unburned plots",1834,45
"118",1,400,NA,NA,"Ranching","Unburned plots",1834,45
"119",1,420,385,8,"Ranching","Unburned plots",2105,10
"119",1,345,480,13,"Ranching","Unburned plots",2105,10
"120",1,253,371,5,"Ranching","Unburned plots",2222,6
"120",1,281,429,3,"Ranching","Unburned plots",2222,6
"120",1,243,445,3,"Ranching","Unburned plots",2222,6
"120",1,600,664,5,"Ranching","Unburned plots",2222,6
"121",1,270,285,15,"Ranching","Unburned plots",1917,66
"121",1,290,320,15,"Ranching","Unburned plots",1917,66
"121",1,230,320,30,"Ranching","Unburned plots",1917,66
"121",1,280,349,7,"Ranching","Unburned plots",1917,66
"121",1,345,373,0.5,"Ranching","Unburned plots",1917,66
"121",1,305,377,3,"Ranching","Unburned plots",1917,66
"121",1,250,379,3,"Ranching","Unburned plots",1917,66
"121",1,405,405,15,"Ranching","Unburned plots",1917,66
"121",1,310,410,0.1,"Ranching","Unburned plots",1917,66
"121",1,410,415,0.1,"Ranching","Unburned plots",1917,66
"121",1,330,415,1,"Ranching","Unburned plots",1917,66
"121",1,380,420,5,"Ranching","Unburned plots",1917,66
"121",1,430,450,10,"Ranching","Unburned plots",1917,66
"121",1,390,455,5,"Ranching","Unburned plots",1917,66
"121",1,324,495,3,"Ranching","Unburned plots",1917,66
"121",1,360,500,2,"Ranching","Unburned plots",1917,66
"121",1,600,650,5,"Ranching","Unburned plots",1917,66
"121",1,380,NA,NA,"Ranching","Unburned plots",1917,66
"121",1,400,NA,NA,"Ranching","Unburned plots",1917,66
"121",1,300,NA,NA,"Ranching","Unburned plots",1917,66
"121",1,400,NA,NA,"Ranching","Unburned plots",1917,66
"121",1,430,NA,NA,"Ranching","Unburned plots",1917,66
"121",1,350,NA,NA,"Ranching","Unburned plots",1917,66
"121",1,450,NA,NA,"Ranching","Unburned plots",1917,66
"121",1,410,NA,NA,"Ranching","Unburned plots",1917,66
"121",1,300,NA,NA,"Ranching","Unburned plots",1917,66
"121",1,430,NA,NA,"Ranching","Unburned plots",1917,66
"121",1,600,NA,NA,"Ranching","Unburned plots",1917,66
"121",1,400,NA,NA,"Ranching","Unburned plots",1917,66
"121",1,800,NA,NA,"Ranching","Unburned plots",1917,66
"121",1,800,NA,NA,"Ranching","Unburned plots",1917,66
"122",1,338,460,2,"Ranching","Unburned plots",2212,12
"124",1,310,280,78,"Ranching","Unburned plots",2197,7
"124",1,240,387,6,"Ranching","Unburned plots",2197,7
"124",1,205,NA,NA,"Ranching","Unburned plots",2197,7
"125",1,400,298,24,"Ranching","Unburned plots",2265,3
"125",1,230,317,11,"Ranching","Unburned plots",2265,3
"125",1,370,319,11,"Ranching","Unburned plots",2265,3
"126",1,210,255,4,"Ranching","Unburned plots",2291,5
"126",1,1000,684,3,"Ranching","Unburned plots",2291,5
"127",1,242,175,60,"Ranching","Burned plots",2347,8
"128",1,230,214,31,"Ranching","Unburned plots",2283,16
"129",1,210,214,15,"Ranching","Unburned plots",2315,4
"129",1,320,304,5,"Ranching","Unburned plots",2315,4
"129",1,285,398,7,"Ranching","Unburned plots",2315,4
"130",1,210,347,1,"Ranching","Unburned plots",2282,13
"201",1,440,471,10,"Ranching","Unburned plots",1396,10
"201",1,500,488,8,"Ranching","Unburned plots",1396,10
"201",1,800,673,6,"Ranching","Unburned plots",1396,10
"201",1,600,685,4,"Ranching","Unburned plots",1396,10
"201",1,700,990,2,"Ranching","Unburned plots",1396,10
"202",1,550,459,82,"Ranching","Unburned plots",1413,20
"202",1,400,481,65,"Ranching","Unburned plots",1413,20
"202",1,600,516,50,"Ranching","Unburned plots",1413,20
"203",1,390,310,80,"Conservation","Unburned plots",1228,10
"203",1,340,356,8,"Conservation","Unburned plots",1228,10
"203",1,390,487,60,"Conservation","Unburned plots",1228,10
"203",1,700,562,75,"Conservation","Unburned plots",1228,10
"204",0,560,NA,NA,"Conservation","Unburned plots",1306,5
"205",1,300,324,1,"Conservation","Unburned plots",1721,10
"206",1,390,312,6,"Conservation","Unburned plots",1648,50
"206",1,250,332,8,"Conservation","Unburned plots",1648,50
"206",1,270,381,4,"Conservation","Unburned plots",1648,50
"206",1,500,434,15,"Conservation","Unburned plots",1648,50
"206",1,450,507,5,"Conservation","Unburned plots",1648,50
"206",1,450,559,0,"Conservation","Unburned plots",1648,50
"206",1,550,587,12,"Conservation","Unburned plots",1648,50
"206",0,400,NA,NA,"Conservation","Unburned plots",1648,50
"207",1,267,312,6,"Ranching","Unburned plots",2170,9
"207",1,290,434,1,"Ranching","Unburned plots",2170,9
"208",1,305,444,1,"Ranching","Unburned plots",2162,1
"208",1,390,542,6,"Ranching","Unburned plots",2162,1
"209",1,220,109,35,"Conservation","Unburned plots",1658,35
"209",1,260,200,35,"Conservation","Unburned plots",1658,35
"209",1,305,261,23,"Conservation","Unburned plots",1658,35
"209",1,300,295,25,"Conservation","Unburned plots",1658,35
"209",1,315,320,3,"Conservation","Unburned plots",1658,35
"209",1,250,NA,NA,"Conservation","Unburned plots",1658,35
"209",1,270,NA,NA,"Conservation","Unburned plots",1658,35
"209",1,277,NA,NA,"Conservation","Unburned plots",1658,35
"209",1,335,NA,NA,"Conservation","Unburned plots",1658,35
"210",1,250,195,55,"Conservation","Unburned plots",1679,10
"210",1,500,NA,NA,"Conservation","Unburned plots",1679,10
"211",1,342,240,23,"Conservation","Unburned plots",1669,10
"211",1,470,357,7,"Conservation","Unburned plots",1669,10
"212",1,290,219,10,"Conservation","Unburned plots",1687,60
"212",1,323,283,8,"Conservation","Unburned plots",1687,60
"212",1,315,286,3,"Conservation","Unburned plots",1687,60
"212",1,325,288,6,"Conservation","Unburned plots",1687,60
"212",1,230,295,6,"Conservation","Unburned plots",1687,60
"212",1,380,320,6,"Conservation","Unburned plots",1687,60
"212",1,415,344,6,"Conservation","Unburned plots",1687,60
"212",1,400,352,3,"Conservation","Unburned plots",1687,60
"212",1,360,353,6,"Conservation","Unburned plots",1687,60
"212",1,340,356,2,"Conservation","Unburned plots",1687,60
"212",1,335,379,10,"Conservation","Unburned plots",1687,60
"213",1,290,270,5,"Conservation","Unburned plots",1818,35
"213",1,210,290,3,"Conservation","Unburned plots",1818,35
"213",1,270,329,3,"Conservation","Unburned plots",1818,35
"213",1,305,390,1,"Conservation","Unburned plots",1818,35
"214",1,230,191,35,"Conservation","Unburned plots",1806,60
"214",1,260,287,3,"Conservation","Unburned plots",1806,60
"214",1,249,300,30,"Conservation","Unburned plots",1806,60
"214",1,340,301,3,"Conservation","Unburned plots",1806,60
"214",1,333,303,9,"Conservation","Unburned plots",1806,60
"214",1,245,306,2,"Conservation","Unburned plots",1806,60
"214",1,250,315,5,"Conservation","Unburned plots",1806,60
"214",1,310,330,2,"Conservation","Unburned plots",1806,60
"214",1,240,332,6,"Conservation","Unburned plots",1806,60
"214",1,340,340,5,"Conservation","Unburned plots",1806,60
"214",1,290,355,2,"Conservation","Unburned plots",1806,60
"214",1,330,360,2,"Conservation","Unburned plots",1806,60
"214",1,270,383,10,"Conservation","Unburned plots",1806,60
"214",1,397,394,6,"Conservation","Unburned plots",1806,60
"214",1,500,452,13,"Conservation","Unburned plots",1806,60
"214",1,415,470,6,"Conservation","Unburned plots",1806,60
"214",1,380,491,3,"Conservation","Unburned plots",1806,60
"214",1,400,530,50,"Conservation","Unburned plots",1806,60
"214",1,400,535,1,"Conservation","Unburned plots",1806,60
"214",0,350,NA,NA,"Conservation","Unburned plots",1806,60
"214",0,330,NA,NA,"Conservation","Unburned plots",1806,60
"214",0,380,NA,NA,"Conservation","Unburned plots",1806,60
"214",0,247,NA,NA,"Conservation","Unburned plots",1806,60
"215",1,260,307,40,"Conservation","Unburned plots",1808,70
"215",1,340,310,20,"Conservation","Unburned plots",1808,70
"215",1,230,310,1,"Conservation","Unburned plots",1808,70
"215",1,300,318,25,"Conservation","Unburned plots",1808,70
"215",1,250,353,0,"Conservation","Unburned plots",1808,70
"215",1,260,360,0,"Conservation","Unburned plots",1808,70
"215",1,240,360,1,"Conservation","Unburned plots",1808,70
"215",1,230,366,0,"Conservation","Unburned plots",1808,70
"215",1,315,370,15,"Conservation","Unburned plots",1808,70
"215",1,350,372,1,"Conservation","Unburned plots",1808,70
"215",1,250,375,0,"Conservation","Unburned plots",1808,70
"215",1,340,382,7,"Conservation","Unburned plots",1808,70
"215",1,230,394,1,"Conservation","Unburned plots",1808,70
"215",1,280,406,10,"Conservation","Unburned plots",1808,70
"215",1,280,410,0,"Conservation","Unburned plots",1808,70
"215",1,270,410,10,"Conservation","Unburned plots",1808,70
"215",1,415,420,3,"Conservation","Unburned plots",1808,70
"215",1,290,440,15,"Conservation","Unburned plots",1808,70
"215",1,280,463,2,"Conservation","Unburned plots",1808,70
"215",1,450,538,5,"Conservation","Unburned plots",1808,70
"215",1,270,NA,NA,"Conservation","Unburned plots",1808,70
"215",1,320,NA,NA,"Conservation","Unburned plots",1808,70
"215",1,235,NA,NA,"Conservation","Unburned plots",1808,70
"215",1,350,NA,NA,"Conservation","Unburned plots",1808,70
"215",1,250,NA,NA,"Conservation","Unburned plots",1808,70
"215",1,230,NA,NA,"Conservation","Unburned plots",1808,70
"215",1,250,NA,NA,"Conservation","Unburned plots",1808,70
"215",1,300,NA,NA,"Conservation","Unburned plots",1808,70
"215",1,305,NA,NA,"Conservation","Unburned plots",1808,70
"215",1,360,NA,NA,"Conservation","Unburned plots",1808,70
"215",1,360,NA,NA,"Conservation","Unburned plots",1808,70
"215",1,250,NA,NA,"Conservation","Unburned plots",1808,70
"215",1,250,NA,NA,"Conservation","Unburned plots",1808,70
"215",1,300,NA,NA,"Conservation","Unburned plots",1808,70
"215",1,400,NA,NA,"Conservation","Unburned plots",1808,70
"215",1,415,NA,NA,"Conservation","Unburned plots",1808,70
"215",1,450,NA,NA,"Conservation","Unburned plots",1808,70
"215",1,500,NA,NA,"Conservation","Unburned plots",1808,70
"215",1,430,NA,NA,"Conservation","Unburned plots",1808,70
"215",1,500,NA,NA,"Conservation","Unburned plots",1808,70
"215",1,500,NA,NA,"Conservation","Unburned plots",1808,70
"215",1,350,NA,NA,"Conservation","Unburned plots",1808,70
"215",1,500,NA,NA,"Conservation","Unburned plots",1808,70
"216",1,290,234,60,"Conservation","Unburned plots",1837,60
"216",1,230,267,25,"Conservation","Unburned plots",1837,60
"216",1,290,277,30,"Conservation","Unburned plots",1837,60
"216",1,260,303,5,"Conservation","Unburned plots",1837,60
"216",1,270,334,5,"Conservation","Unburned plots",1837,60
"216",1,240,335,5,"Conservation","Unburned plots",1837,60
"216",1,230,338,5,"Conservation","Unburned plots",1837,60
"216",1,300,340,4,"Conservation","Unburned plots",1837,60
"216",1,320,352,1,"Conservation","Unburned plots",1837,60
"216",1,210,355,5,"Conservation","Unburned plots",1837,60
"216",1,300,360,50,"Conservation","Unburned plots",1837,60
"216",1,260,364,45,"Conservation","Unburned plots",1837,60
"216",1,530,365,5,"Conservation","Unburned plots",1837,60
"216",1,450,380,70,"Conservation","Unburned plots",1837,60
"216",1,300,380,40,"Conservation","Unburned plots",1837,60
"216",1,300,390,5,"Conservation","Unburned plots",1837,60
"216",1,350,392,5,"Conservation","Unburned plots",1837,60
"216",1,450,400,5,"Conservation","Unburned plots",1837,60
"216",1,340,425,1,"Conservation","Unburned plots",1837,60
"216",1,410,446,10,"Conservation","Unburned plots",1837,60
"216",1,280,NA,NA,"Conservation","Unburned plots",1837,60
"216",1,260,NA,NA,"Conservation","Unburned plots",1837,60
"216",1,210,NA,NA,"Conservation","Unburned plots",1837,60
"216",1,210,NA,NA,"Conservation","Unburned plots",1837,60
"216",1,230,NA,NA,"Conservation","Unburned plots",1837,60
"216",1,280,NA,NA,"Conservation","Unburned plots",1837,60
"216",1,395,NA,NA,"Conservation","Unburned plots",1837,60
"216",1,320,NA,NA,"Conservation","Unburned plots",1837,60
"216",1,330,NA,NA,"Conservation","Unburned plots",1837,60
"216",1,210,NA,NA,"Conservation","Unburned plots",1837,60
"216",1,250,NA,NA,"Conservation","Unburned plots",1837,60
"216",1,340,NA,NA,"Conservation","Unburned plots",1837,60
"216",1,430,NA,NA,"Conservation","Unburned plots",1837,60
"216",1,470,NA,NA,"Conservation","Unburned plots",1837,60
"216",1,500,NA,NA,"Conservation","Unburned plots",1837,60
"216",1,460,NA,NA,"Conservation","Unburned plots",1837,60
"216",1,350,NA,NA,"Conservation","Unburned plots",1837,60
"216",1,290,NA,NA,"Conservation","Unburned plots",1837,60
"216",1,450,NA,NA,"Conservation","Unburned plots",1837,60
"217",1,350,228,3,"Conservation","Unburned plots",1841,30
"217",1,300,247,47,"Conservation","Unburned plots",1841,30
"217",1,220,331,1,"Conservation","Unburned plots",1841,30
"217",1,376,341,5,"Conservation","Unburned plots",1841,30
"217",1,310,407,1,"Conservation","Unburned plots",1841,30
"218",1,260,244,2,"Conservation","Unburned plots",1791,40
"218",1,270,268,2,"Conservation","Unburned plots",1791,40
"218",1,230,269,4,"Conservation","Unburned plots",1791,40
"218",1,320,270,8,"Conservation","Unburned plots",1791,40
"218",1,260,274,1,"Conservation","Unburned plots",1791,40
"218",1,300,279,7,"Conservation","Unburned plots",1791,40
"218",1,340,290,85,"Conservation","Unburned plots",1791,40
"218",1,300,326,3,"Conservation","Unburned plots",1791,40
"218",1,270,360,1,"Conservation","Unburned plots",1791,40
"218",1,268,380,1,"Conservation","Unburned plots",1791,40
"218",1,450,450,3,"Conservation","Unburned plots",1791,40
"218",1,500,550,2,"Conservation","Unburned plots",1791,40
"218",0,255,NA,NA,"Conservation","Unburned plots",1791,40
"220",1,310,271,25,"Conservation","Unburned plots",2064,55
"220",1,260,309,15,"Conservation","Unburned plots",2064,55
"221",1,234,232,8,"Conservation","Unburned plots",1928,25
"221",1,260,239,5,"Conservation","Unburned plots",1928,25
"221",1,210,252,3,"Conservation","Unburned plots",1928,25
"221",1,360,253,8,"Conservation","Unburned plots",1928,25
"221",1,450,254,15,"Conservation","Unburned plots",1928,25
"221",1,210,264,1,"Conservation","Unburned plots",1928,25
"221",1,206,272,1,"Conservation","Unburned plots",1928,25
"221",1,225,291,3,"Conservation","Unburned plots",1928,25
"221",1,270,296,2,"Conservation","Unburned plots",1928,25
"221",1,270,301,7,"Conservation","Unburned plots",1928,25
"221",1,315,313,12,"Conservation","Unburned plots",1928,25
"221",1,410,340,3,"Conservation","Unburned plots",1928,25
"221",1,265,349,2,"Conservation","Unburned plots",1928,25
"221",1,400,353,2,"Conservation","Unburned plots",1928,25
"221",1,500,400,4,"Conservation","Unburned plots",1928,25
"221",1,450,418,1,"Conservation","Unburned plots",1928,25
"221",1,500,438,8,"Conservation","Unburned plots",1928,25
"222",1,210,302,4,"Conservation","Unburned plots",1842,15
"222",1,350,370,1,"Conservation","Unburned plots",1842,15
"222",1,400,395,1,"Conservation","Unburned plots",1842,15
"222",1,280,395,2,"Conservation","Unburned plots",1842,15
"222",1,260,446,1,"Conservation","Unburned plots",1842,15
"222",1,370,460,2,"Conservation","Unburned plots",1842,15
"222",1,450,494,2,"Conservation","Unburned plots",1842,15
"222",1,450,576,17,"Conservation","Unburned plots",1842,15
"222",1,550,760,2,"Conservation","Unburned plots",1842,15
"222",1,850,1050,6,"Conservation","Unburned plots",1842,15
"223",1,400,82,98,"Conservation","Unburned plots",1875,10
"223",1,230,219,7,"Conservation","Unburned plots",1875,10
"223",1,230,230,5,"Conservation","Unburned plots",1875,10
"223",1,270,271,3,"Conservation","Unburned plots",1875,10
"223",1,320,327,2,"Conservation","Unburned plots",1875,10
"223",1,350,352,16,"Conservation","Unburned plots",1875,10
"223",1,450,471,3,"Conservation","Unburned plots",1875,10
"223",1,500,555,2,"Conservation","Unburned plots",1875,10
"223",0,310,NA,NA,"Conservation","Unburned plots",1875,10
"224",1,310,302,1,"Conservation","Unburned plots",1894,17
"224",1,400,310,1,"Conservation","Unburned plots",1894,17
"224",1,280,338,1,"Conservation","Unburned plots",1894,17
"224",1,300,358,8,"Conservation","Unburned plots",1894,17
"224",1,360,395,1,"Conservation","Unburned plots",1894,17
"224",1,340,458,2,"Conservation","Unburned plots",1894,17
"225",1,375,184,25,"Conservation","Unburned plots",2042,45
"225",1,200,185,90,"Conservation","Unburned plots",2042,45
"225",1,200,250,7,"Conservation","Unburned plots",2042,45
"225",1,246,254,2,"Conservation","Unburned plots",2042,45
"225",1,255,278,2,"Conservation","Unburned plots",2042,45
"225",1,310,345,15,"Conservation","Unburned plots",2042,45
"225",1,260,353,3,"Conservation","Unburned plots",2042,45
"225",1,370,372,4,"Conservation","Unburned plots",2042,45
"225",1,480,407,16,"Conservation","Unburned plots",2042,45
"225",1,330,412,7,"Conservation","Unburned plots",2042,45
"225",1,346,444,5,"Conservation","Unburned plots",2042,45
"225",1,430,507,1,"Conservation","Unburned plots",2042,45
"225",1,450,523,2,"Conservation","Unburned plots",2042,45
"225",1,400,535,1,"Conservation","Unburned plots",2042,45
"225",1,470,615,1,"Conservation","Unburned plots",2042,45
"225",1,450,651,1,"Conservation","Unburned plots",2042,45
"226",1,240,288,3,"Conservation","Unburned plots",2081,15
"226",1,480,289,23,"Conservation","Unburned plots",2081,15
"227",1,270,346,3,"Conservation","Unburned plots",2104,5
"228",1,232,NA,NA,"Conservation","Unburned plots",2089,5
"229",1,200,222,5,"Conservation","Burned plots",2133,18
"230",1,205,225,15,"Conservation","Burned plots",2162,2
"230",1,240,246,5,"Conservation","Burned plots",2162,2
"230",1,207,NA,NA,"Conservation","Burned plots",2162,2
"301",1,382,345,18,"Ranching","Unburned plots",1442,5
"301",1,336,368,95,"Ranching","Unburned plots",1442,5
"301",1,543,513,9,"Ranching","Unburned plots",1442,5
"301",1,465,608,3,"Ranching","Unburned plots",1442,5
"302",1,420,423,2,"Ranching","Unburned plots",1440,10
"302",1,543,427,17,"Ranching","Unburned plots",1440,10
"302",1,406,460,9,"Ranching","Unburned plots",1440,10
"302",1,735,520,18,"Ranching","Unburned plots",1440,10
"302",1,655,667,10,"Ranching","Unburned plots",1440,10
"303",1,530,505,0,"Ranching","Burned plots",1538,5
"304",1,287,345,10,"Ranching","Burned plots",1675,20
"305",1,450,85,98,"Ranching","Burned plots",1758,20
"305",1,247,394,60,"Ranching","Burned plots",1758,20
"305",1,310,407,4,"Ranching","Burned plots",1758,20
"305",0,405,NA,NA,"Ranching","Burned plots",1758,20
"305",0,750,NA,NA,"Ranching","Burned plots",1758,20
"305",0,468,NA,NA,"Ranching","Burned plots",1758,20
"306",1,261,227,23,"Ranching","Burned plots",1743,60
"306",1,333,265,7,"Ranching","Burned plots",1743,60
"306",1,258,283,45,"Ranching","Burned plots",1743,60
"306",1,290,288,1,"Ranching","Burned plots",1743,60
"306",1,278,297,30,"Ranching","Burned plots",1743,60
"306",1,300,334,6,"Ranching","Burned plots",1743,60
"306",1,384,365,3,"Ranching","Burned plots",1743,60
"306",1,330,405,4,"Ranching","Burned plots",1743,60
"306",1,356,417,3,"Ranching","Burned plots",1743,60
"306",1,360,420,5,"Ranching","Burned plots",1743,60
"306",1,480,448,15,"Ranching","Burned plots",1743,60
"306",0,215,NA,NA,"Ranching","Burned plots",1743,60
"307",0,260,NA,NA,"Ranching","Burned plots",1728,10
"307",0,360,NA,NA,"Ranching","Burned plots",1728,10
"307",0,490,NA,NA,"Ranching","Burned plots",1728,10
"308",1,260,152,90,"Ranching","Burned plots",1741,10
"308",1,303,314,2,"Ranching","Burned plots",1741,10
"308",1,270,315,18,"Ranching","Burned plots",1741,10
"308",1,340,335,37,"Ranching","Burned plots",1741,10
"308",1,255,351,0,"Ranching","Burned plots",1741,10
"308",1,320,355,1,"Ranching","Burned plots",1741,10
"308",1,290,355,35,"Ranching","Burned plots",1741,10
"308",1,330,356,7,"Ranching","Burned plots",1741,10
"308",1,304,381,14,"Ranching","Burned plots",1741,10
"308",1,318,386,1,"Ranching","Burned plots",1741,10
"308",1,430,NA,NA,"Ranching","Burned plots",1741,10
"309",1,295,380,18,"Ranching","Unburned plots",1741,12
"309",1,315,436,1,"Ranching","Unburned plots",1741,12
"309",1,580,450,20,"Ranching","Unburned plots",1741,12
"310",1,250,202,83,"Ranching","Unburned plots",1802,50
"310",1,262,214,45,"Ranching","Unburned plots",1802,50
"310",1,310,230,10,"Ranching","Unburned plots",1802,50
"310",1,223,240,5,"Ranching","Unburned plots",1802,50
"310",1,247,242,14,"Ranching","Unburned plots",1802,50
"310",1,286,257,15,"Ranching","Unburned plots",1802,50
"310",1,270,261,10,"Ranching","Unburned plots",1802,50
"310",1,310,274,8,"Ranching","Unburned plots",1802,50
"310",1,260,283,8,"Ranching","Unburned plots",1802,50
"310",1,315,294,11,"Ranching","Unburned plots",1802,50
"310",0,254,NA,NA,"Ranching","Unburned plots",1802,50
"311",1,342,88,95,"Ranching","Burned plots",1822,15
"311",0,325,NA,NA,"Ranching","Burned plots",1822,15
"311",0,310,NA,NA,"Ranching","Burned plots",1822,15
"312",0,380,NA,NA,"Ranching","Burned plots",1856,20
"312",0,570,NA,NA,"Ranching","Burned plots",1856,20
"313",1,600,310,80,"Conservation","Burned plots",2140,20
"313",1,430,700,50,"Conservation","Burned plots",2140,20
"314",1,215,96,92,"Conservation","Burned plots",1877,45
"314",1,292,102,97,"Conservation","Burned plots",1877,45
"314",1,290,120,95,"Conservation","Burned plots",1877,45
"314",1,293,148,90,"Conservation","Burned plots",1877,45
"314",1,272,154,95,"Conservation","Burned plots",1877,45
"314",1,226,156,94,"Conservation","Burned plots",1877,45
"314",1,341,169,92,"Conservation","Burned plots",1877,45
"314",1,250,257,9,"Conservation","Burned plots",1877,45
"314",1,250,279,60,"Conservation","Burned plots",1877,45
"314",0,294,NA,NA,"Conservation","Burned plots",1877,45
"314",0,238,NA,NA,"Conservation","Burned plots",1877,45
"314",0,228,NA,NA,"Conservation","Burned plots",1877,45
"314",0,351,NA,NA,"Conservation","Burned plots",1877,45
"314",0,340,NA,NA,"Conservation","Burned plots",1877,45
"315",1,210,226,30,"Conservation","Unburned plots",1903,50
"315",1,260,256,4,"Conservation","Unburned plots",1903,50
"315",1,230,260,50,"Conservation","Unburned plots",1903,50
"315",1,220,261,16,"Conservation","Unburned plots",1903,50
"315",1,330,286,25,"Conservation","Unburned plots",1903,50
"315",1,231,309,9,"Conservation","Unburned plots",1903,50
"315",1,283,310,10,"Conservation","Unburned plots",1903,50
"315",1,263,329,23,"Conservation","Unburned plots",1903,50
"315",1,291,340,16,"Conservation","Unburned plots",1903,50
"315",1,280,340,28,"Conservation","Unburned plots",1903,50
"315",0,251,NA,NA,"Conservation","Unburned plots",1903,50
"316",1,315,330,8,"Conservation","Unburned plots",1827,50
"316",1,305,362,10,"Conservation","Unburned plots",1827,50
"316",1,273,364,3,"Conservation","Unburned plots",1827,50
"316",1,350,366,1,"Conservation","Unburned plots",1827,50
"316",1,300,400,2,"Conservation","Unburned plots",1827,50
"316",1,433,502,15,"Conservation","Unburned plots",1827,50
"316",0,410,NA,NA,"Conservation","Unburned plots",1827,50
"316",0,510,NA,NA,"Conservation","Unburned plots",1827,50
"316",0,342,NA,NA,"Conservation","Unburned plots",1827,50
"317",1,210,235,24,"Conservation","Unburned plots",1841,55
"317",1,245,295,4,"Conservation","Unburned plots",1841,55
"317",1,430,300,9,"Conservation","Unburned plots",1841,55
"317",1,385,350,22,"Conservation","Unburned plots",1841,55
"317",1,430,357,19,"Conservation","Unburned plots",1841,55
"317",1,230,360,3,"Conservation","Unburned plots",1841,55
"317",1,282,364,28,"Conservation","Unburned plots",1841,55
"317",1,512,372,40,"Conservation","Unburned plots",1841,55
"317",1,403,474,7,"Conservation","Unburned plots",1841,55
"317",0,275,NA,NA,"Conservation","Unburned plots",1841,55
"317",0,416,NA,NA,"Conservation","Unburned plots",1841,55
"318",1,451,417,55,"Conservation","Unburned plots",1863,19
"319",1,250,245,23,"Conservation","Unburned plots",2062,85
"319",1,244,270,38,"Conservation","Unburned plots",2062,85
"319",1,230,271,15,"Conservation","Unburned plots",2062,85
"319",1,252,277,8,"Conservation","Unburned plots",2062,85
"319",1,420,284,17,"Conservation","Unburned plots",2062,85
"319",1,306,320,6,"Conservation","Unburned plots",2062,85
"319",1,360,330,15,"Conservation","Unburned plots",2062,85
"319",1,400,392,9,"Conservation","Unburned plots",2062,85
"319",1,430,428,55,"Conservation","Unburned plots",2062,85
"319",0,330,NA,NA,"Conservation","Unburned plots",2062,85
"320",1,230,200,15,"Conservation","Burned plots",2050,55
"320",1,277,250,17,"Conservation","Burned plots",2050,55
"320",1,213,253,8,"Conservation","Burned plots",2050,55
"320",1,240,262,8,"Conservation","Burned plots",2050,55
"320",1,320,266,9,"Conservation","Burned plots",2050,55
"320",1,257,270,9,"Conservation","Burned plots",2050,55
"320",0,347,NA,NA,"Conservation","Burned plots",2050,55
"320",0,340,NA,NA,"Conservation","Burned plots",2050,55
"320",1,216,NA,NA,"Conservation","Burned plots",2050,55
"320",1,340,NA,NA,"Conservation","Burned plots",2050,55
"321",1,260,215,15,"Conservation","Unburned plots",2066,30
"321",1,230,247,5,"Conservation","Unburned plots",2066,30
"321",1,240,248,30,"Conservation","Unburned plots",2066,30
"321",1,210,281,2,"Conservation","Unburned plots",2066,30
"321",1,305,287,25,"Conservation","Unburned plots",2066,30
"321",1,246,300,7,"Conservation","Unburned plots",2066,30
"321",1,294,307,2,"Conservation","Unburned plots",2066,30
"321",1,220,308,2,"Conservation","Unburned plots",2066,30
"321",1,301,337,2,"Conservation","Unburned plots",2066,30
"321",1,300,356,8,"Conservation","Unburned plots",2066,30
"321",1,336,366,2,"Conservation","Unburned plots",2066,30
"322",1,230,83,96,"Conservation","Unburned plots",2050,50
"322",1,220,150,8,"Conservation","Unburned plots",2050,50
"322",1,248,211,17,"Conservation","Unburned plots",2050,50
"322",1,202,244,6,"Conservation","Unburned plots",2050,50
"322",1,246,278,83,"Conservation","Unburned plots",2050,50
"322",1,249,281,10,"Conservation","Unburned plots",2050,50
"322",1,217,294,6,"Conservation","Unburned plots",2050,50
"322",1,230,300,8,"Conservation","Unburned plots",2050,50
"322",1,287,315,3,"Conservation","Unburned plots",2050,50
"322",1,230,345,6,"Conservation","Unburned plots",2050,50
"322",1,228,NA,NA,"Conservation","Unburned plots",2050,50
"323",1,300,300,65,"Conservation","Unburned plots",2090,60
"323",1,351,315,1,"Conservation","Unburned plots",2090,60
"323",1,320,320,0,"Conservation","Unburned plots",2090,60
"323",1,290,320,5,"Conservation","Unburned plots",2090,60
"323",1,291,340,0,"Conservation","Unburned plots",2090,60
"323",1,260,340,20,"Conservation","Unburned plots",2090,60
"323",1,500,360,40,"Conservation","Unburned plots",2090,60
"323",1,300,360,0.1,"Conservation","Unburned plots",2090,60
"323",1,383,383,5,"Conservation","Unburned plots",2090,60
"323",1,405,390,15,"Conservation","Unburned plots",2090,60
"323",1,360,392,5,"Conservation","Unburned plots",2090,60
"323",1,295,396,1,"Conservation","Unburned plots",2090,60
"323",1,450,398,45,"Conservation","Unburned plots",2090,60
"323",1,452,400,15,"Conservation","Unburned plots",2090,60
"323",1,370,416,3,"Conservation","Unburned plots",2090,60
"323",1,410,426,15,"Conservation","Unburned plots",2090,60
"323",1,483,435,10,"Conservation","Unburned plots",2090,60
"323",1,350,450,1,"Conservation","Unburned plots",2090,60
"323",1,452,462,60,"Conservation","Unburned plots",2090,60
"323",1,490,490,15,"Conservation","Unburned plots",2090,60
"323",1,500,516,40,"Conservation","Unburned plots",2090,60
"324",1,240,185,60,"Conservation","Unburned plots",2127,55
"324",1,215,216,35,"Conservation","Unburned plots",2127,55
"324",1,210,243,5,"Conservation","Unburned plots",2127,55
"324",1,250,245,1,"Conservation","Unburned plots",2127,55
"324",1,248,250,5,"Conservation","Unburned plots",2127,55
"324",1,225,252,10,"Conservation","Unburned plots",2127,55
"324",1,238,271,15,"Conservation","Unburned plots",2127,55
"324",1,282,275,15,"Conservation","Unburned plots",2127,55
"324",1,300,295,10,"Conservation","Unburned plots",2127,55
"324",1,295,302,30,"Conservation","Unburned plots",2127,55
"324",1,240,303,2,"Conservation","Unburned plots",2127,55
"324",1,330,330,5,"Conservation","Unburned plots",2127,55
"324",1,305,348,10,"Conservation","Unburned plots",2127,55
"325",1,210,230,35,"Conservation","Burned plots",2144,50
"325",1,350,280,20,"Conservation","Burned plots",2144,50
"325",1,265,294,1,"Conservation","Burned plots",2144,50
"325",1,345,340,35,"Conservation","Burned plots",2144,50
"325",1,340,340,10,"Conservation","Burned plots",2144,50
"325",1,340,350,5,"Conservation","Burned plots",2144,50
"325",1,310,380,0,"Conservation","Burned plots",2144,50
"326",1,206,130,92,"Conservation","Unburned plots",2146,70
"326",1,250,221,7,"Conservation","Unburned plots",2146,70
"326",1,320,222,13,"Conservation","Unburned plots",2146,70
"326",1,370,243,7,"Conservation","Unburned plots",2146,70
"326",1,250,250,7,"Conservation","Unburned plots",2146,70
"326",1,280,269,8,"Conservation","Unburned plots",2146,70
"326",1,370,281,8,"Conservation","Unburned plots",2146,70
"326",1,280,295,6,"Conservation","Unburned plots",2146,70
"326",1,385,309,6,"Conservation","Unburned plots",2146,70
"326",1,280,310,3,"Conservation","Unburned plots",2146,70
"326",1,300,325,42,"Conservation","Unburned plots",2146,70
"326",1,360,342,7,"Conservation","Unburned plots",2146,70
"326",1,290,379,7,"Conservation","Unburned plots",2146,70
"326",1,560,424,5,"Conservation","Unburned plots",2146,70
"326",1,610,430,15,"Conservation","Unburned plots",2146,70
"326",1,390,464,5,"Conservation","Unburned plots",2146,70
"326",1,245,535,2,"Conservation","Unburned plots",2146,70
"327",1,280,223,75,"Conservation","Burned plots",2141,2
"327",1,270,290,0,"Conservation","Burned plots",2141,2
"328",1,290,130,95,"Conservation","Burned plots",2132,10
"329",1,350,480,2,"Conservation","Burned plots",2126,5
"330",1,215,41,98,"Conservation","Burned plots",2114,8
"330",1,273,279,7,"Conservation","Burned plots",2114,8
"330",1,230,282,5,"Conservation","Burned plots",2114,8
"330",1,230,290,2,"Conservation","Burned plots",2114,8
"330",1,315,360,6,"Conservation","Burned plots",2114,8
"401",1,215,202,80,"Ranching","Unburned plots",1728,5
"401",1,270,532,1,"Ranching","Unburned plots",1728,5
"402",1,495,710,15,"Ranching","Unburned plots",1726,5
"402",0,310,NA,NA,"Ranching","Unburned plots",1726,5
"403",1,250,367,3,"Ranching","Unburned plots",1833,5
"404",0,480,NA,NA,"Ranching","Unburned plots",1830,10
"404",1,599,NA,NA,"Ranching","Unburned plots",1830,10
"404",1,540,NA,NA,"Ranching","Unburned plots",1830,10
"405",1,336,NA,NA,"Ranching","Unburned plots",1840,5
"406",1,320,268,3,"Ranching","Unburned plots",1849,5
"407",1,500,407,70,"Ranching","Unburned plots",1877,5
"407",0,537,NA,NA,"Ranching","Unburned plots",1877,5
"409",1,383,463,1,"Ranching","Unburned plots",1798,2
"410",1,268,294,30,"Ranching","Unburned plots",1773,10
"410",1,301,359,7,"Ranching","Unburned plots",1773,10
"410",1,398,414,30,"Ranching","Unburned plots",1773,10
"410",1,476,423,10,"Ranching","Unburned plots",1773,10
"410",0,238,NA,NA,"Ranching","Unburned plots",1773,10
"414",1,430,NA,NA,"Ranching","Unburned plots",1811,5
"414",1,495,NA,NA,"Ranching","Unburned plots",1811,5
"414",1,600,NA,NA,"Ranching","Unburned plots",1811,5
"414",1,493,NA,NA,"Ranching","Unburned plots",1811,5
"415",1,480,325,24,"Ranching","Unburned plots",1823,10
"415",1,580,418,19,"Ranching","Unburned plots",1823,10
"415",1,536,NA,NA,"Ranching","Unburned plots",1823,10
"415",1,417,NA,NA,"Ranching","Unburned plots",1823,10
"416",1,548,534,13,"Ranching","Unburned plots",1841,20
"416",1,590,606,12,"Ranching","Unburned plots",1841,20
"416",1,780,628,5,"Ranching","Unburned plots",1841,20
"416",0,730,NA,NA,"Ranching","Unburned plots",1841,20
"418",1,310,234,9,"Ranching","Unburned plots",1930,10
"418",0,843,NA,NA,"Ranching","Unburned plots",1930,10
"419",1,270,290,4,"Ranching","Burned plots",2065,5
"419",1,285,300,4,"Ranching","Burned plots",2065,5
"419",1,400,380,3,"Ranching","Burned plots",2065,5
"419",1,418,423,8,"Ranching","Burned plots",2065,5
"419",1,437,494,9,"Ranching","Burned plots",2065,5
"419",0,281,NA,NA,"Ranching","Burned plots",2065,5
"420",1,750,706,5,"Ranching","Unburned plots",2166,5
"421",1,270,226,2,"Conservation","Unburned plots",2118,5
"421",0,378,NA,NA,"Conservation","Unburned plots",2118,5
"422",1,360,365,1,"Conservation","Unburned plots",2117,10
"423",0,255,NA,NA,"Ranching","Unburned plots",2130,5
"424",1,600,510,18,"Ranching","Unburned plots",2112,5
"425",1,587,548,1,"Ranching","Unburned plots",2111,5
"425",1,415,NA,NA,"Ranching","Unburned plots",2111,5
"425",1,546,NA,NA,"Ranching","Unburned plots",2111,5
"425",1,583,NA,NA,"Ranching","Unburned plots",2111,5
"426",1,285,288,6,"Ranching","Unburned plots",2125,10
"426",1,350,370,2,"Ranching","Unburned plots",2125,10
"428",1,800,810,10,"Ranching","Unburned plots",1829,15
"428",1,485,NA,NA,"Ranching","Unburned plots",1829,15
"428",1,530,NA,NA,"Ranching","Unburned plots",1829,15
"428",1,480,NA,NA,"Ranching","Unburned plots",1829,15
"428",1,825,NA,NA,"Ranching","Unburned plots",1829,15
"429",1,287,274,2,"Ranching","Unburned plots",1930,5
"429",1,277,NA,NA,"Ranching","Unburned plots",1930,5
"429",1,340,NA,NA,"Ranching","Unburned plots",1930,5
"430",0,700,NA,NA,"Ranching","Unburned plots",1822,5
"430",1,360,NA,NA,"Ranching","Unburned plots",1822,5
"501",1,510,680,9,"Conservation","Unburned plots",1413,10
"502",1,250,429,3,"Conservation","Unburned plots",1438,15
"503",1,698,416,50,"Conservation","Unburned plots",1517,40
"503",1,611,552,15,"Conservation","Unburned plots",1517,40
"503",1,675,611,95,"Conservation","Unburned plots",1517,40
"504",1,292,224,85,"Conservation","Unburned plots",1552,30
"504",1,366,364,40,"Conservation","Unburned plots",1552,30
"504",1,646,439,25,"Conservation","Unburned plots",1552,30
"504",1,283,464,8,"Conservation","Unburned plots",1552,30
"504",1,343,504,40,"Conservation","Unburned plots",1552,30
"504",1,290,506,1,"Conservation","Unburned plots",1552,30
"504",1,486,580,25,"Conservation","Unburned plots",1552,30
"504",1,413,617,4,"Conservation","Unburned plots",1552,30
"504",1,560,661,4,"Conservation","Unburned plots",1552,30
"504",1,608,900,1,"Conservation","Unburned plots",1552,30
"504",0,400,NA,NA,"Conservation","Unburned plots",1552,30
"505",1,305,408,32,"Conservation","Unburned plots",1598,3
"505",1,300,438,12,"Conservation","Unburned plots",1598,3
"507",1,570,608,45,"Conservation","Unburned plots",1605,5
"509",1,750,569,40,"Conservation","Burned plots",1781,10
"509",1,850,736,75,"Conservation","Burned plots",1781,10
"509",0,560,NA,NA,"Conservation","Burned plots",1781,10
"509",0,550,NA,NA,"Conservation","Burned plots",1781,10
"509",0,548,NA,NA,"Conservation","Burned plots",1781,10
"509",0,635,NA,NA,"Conservation","Burned plots",1781,10
"510",1,272,342,2,"Conservation","Unburned plots",1841,10
"510",1,381,344,5,"Conservation","Unburned plots",1841,10
"510",1,340,347,8,"Conservation","Unburned plots",1841,10
"510",1,293,369,3,"Conservation","Unburned plots",1841,10
"510",1,650,379,82,"Conservation","Unburned plots",1841,10
"510",1,322,384,15,"Conservation","Unburned plots",1841,10
"510",1,610,574,1,"Conservation","Unburned plots",1841,10
"510",0,408,NA,NA,"Conservation","Unburned plots",1841,10
"511",1,307,302,2,"Conservation","Unburned plots",1880,5
"511",1,300,354,1,"Conservation","Unburned plots",1880,5
"511",1,456,462,2,"Conservation","Unburned plots",1880,5
"512",1,505,199,65,"Conservation","Unburned plots",1900,95
"512",1,550,273,5,"Conservation","Unburned plots",1900,95
"512",1,220,312,9,"Conservation","Unburned plots",1900,95
"512",1,220,325,25,"Conservation","Unburned plots",1900,95
"512",1,620,331,6,"Conservation","Unburned plots",1900,95
"512",1,340,390,4,"Conservation","Unburned plots",1900,95
"512",1,370,448,60,"Conservation","Unburned plots",1900,95
"512",1,450,454,2,"Conservation","Unburned plots",1900,95
"512",1,470,465,4,"Conservation","Unburned plots",1900,95
"512",1,650,474,2,"Conservation","Unburned plots",1900,95
"512",1,496,474,1,"Conservation","Unburned plots",1900,95
"512",1,500,491,2,"Conservation","Unburned plots",1900,95
"512",1,550,533,0,"Conservation","Unburned plots",1900,95
"512",1,480,534,4,"Conservation","Unburned plots",1900,95
"512",1,576,563,25,"Conservation","Unburned plots",1900,95
"512",1,564,606,8,"Conservation","Unburned plots",1900,95
"512",1,580,612,8,"Conservation","Unburned plots",1900,95
"512",1,560,618,9,"Conservation","Unburned plots",1900,95
"512",1,600,630,7,"Conservation","Unburned plots",1900,95
"512",1,517,712,5,"Conservation","Unburned plots",1900,95
"512",0,310,NA,100,"Conservation","Unburned plots",1900,95
"512",0,600,NA,NA,"Conservation","Unburned plots",1900,95
"512",0,700,NA,100,"Conservation","Unburned plots",1900,95
"513",1,300,542,65,"Conservation","Unburned plots",1865,60
"513",1,470,614,4,"Conservation","Unburned plots",1865,60
"513",1,575,635,20,"Conservation","Unburned plots",1865,60
"513",1,600,729,27,"Conservation","Unburned plots",1865,60
"513",1,800,734,1,"Conservation","Unburned plots",1865,60
"513",1,650,775,7,"Conservation","Unburned plots",1865,60
"513",1,480,812,2,"Conservation","Unburned plots",1865,60
"513",1,810,916,30,"Conservation","Unburned plots",1865,60
"513",1,635,970,3,"Conservation","Unburned plots",1865,60
"513",0,530,NA,NA,"Conservation","Unburned plots",1865,60
"513",0,575,NA,NA,"Conservation","Unburned plots",1865,60
"513",1,280,NA,NA,"Conservation","Unburned plots",1865,60
"513",1,530,NA,NA,"Conservation","Unburned plots",1865,60
"514",1,310,394,2,"Conservation","Unburned plots",1889,60
"514",1,528,524,70,"Conservation","Unburned plots",1889,60
"514",1,600,559,5,"Conservation","Unburned plots",1889,60
"514",1,350,650,3,"Conservation","Unburned plots",1889,60
"514",1,830,804,3,"Conservation","Unburned plots",1889,60
"514",1,850,865,10,"Conservation","Unburned plots",1889,60
"514",1,1100,940,7,"Conservation","Unburned plots",1889,60
"514",0,730,NA,NA,"Conservation","Unburned plots",1889,60
"514",0,900,NA,NA,"Conservation","Unburned plots",1889,60
"515",1,750,362,80,"Conservation","Unburned plots",1887,90
"515",1,485,505,2,"Conservation","Unburned plots",1887,90
"515",1,450,597,2,"Conservation","Unburned plots",1887,90
"515",1,700,605,55,"Conservation","Unburned plots",1887,90
"515",1,500,685,18,"Conservation","Unburned plots",1887,90
"515",1,600,700,4,"Conservation","Unburned plots",1887,90
"515",1,500,756,4,"Conservation","Unburned plots",1887,90
"515",1,650,785,2,"Conservation","Unburned plots",1887,90
"515",1,750,804,20,"Conservation","Unburned plots",1887,90
"515",1,700,837,50,"Conservation","Unburned plots",1887,90
"515",1,700,854,5,"Conservation","Unburned plots",1887,90
"515",0,400,NA,NA,"Conservation","Unburned plots",1887,90
"515",0,700,NA,NA,"Conservation","Unburned plots",1887,90
"516",1,527,489,65,"Conservation","Unburned plots",1894,90
"516",1,460,647,6,"Conservation","Unburned plots",1894,90
"516",1,620,721,22,"Conservation","Unburned plots",1894,90
"516",1,800,736,3,"Conservation","Unburned plots",1894,90
"516",1,700,751,20,"Conservation","Unburned plots",1894,90
"516",1,650,770,95,"Conservation","Unburned plots",1894,90
"516",1,470,772,15,"Conservation","Unburned plots",1894,90
"516",1,620,786,9,"Conservation","Unburned plots",1894,90
"517",1,285,308,25,"Conservation","Unburned plots",1900,60
"517",1,547,538,30,"Conservation","Unburned plots",1900,60
"517",1,395,586,3,"Conservation","Unburned plots",1900,60
"517",1,700,626,15,"Conservation","Unburned plots",1900,60
"517",1,550,626,20,"Conservation","Unburned plots",1900,60
"517",1,750,640,38,"Conservation","Unburned plots",1900,60
"517",1,750,643,65,"Conservation","Unburned plots",1900,60
"517",1,600,658,7,"Conservation","Unburned plots",1900,60
"517",1,500,668,1,"Conservation","Unburned plots",1900,60
"517",1,675,674,82,"Conservation","Unburned plots",1900,60
"517",1,650,685,42,"Conservation","Unburned plots",1900,60
"517",1,650,716,7,"Conservation","Unburned plots",1900,60
"517",1,600,720,5,"Conservation","Unburned plots",1900,60
"517",1,700,838,15,"Conservation","Unburned plots",1900,60
"517",0,700,NA,NA,"Conservation","Unburned plots",1900,60
"517",0,700,NA,NA,"Conservation","Unburned plots",1900,60
"518",1,550,375,28,"Conservation","Unburned plots",1951,90
"518",1,360,411,7,"Conservation","Unburned plots",1951,90
"518",1,450,460,20,"Conservation","Unburned plots",1951,90
"518",1,700,541,60,"Conservation","Unburned plots",1951,90
"518",1,1200,542,80,"Conservation","Unburned plots",1951,90
"518",1,500,556,23,"Conservation","Unburned plots",1951,90
"518",1,750,626,50,"Conservation","Unburned plots",1951,90
"518",1,600,656,3,"Conservation","Unburned plots",1951,90
"518",1,460,666,28,"Conservation","Unburned plots",1951,90
"518",1,750,776,5,"Conservation","Unburned plots",1951,90
"518",1,600,781,3,"Conservation","Unburned plots",1951,90
"518",1,1000,881,22,"Conservation","Unburned plots",1951,90
"518",1,950,968,25,"Conservation","Unburned plots",1951,90
"518",1,900,997,16,"Conservation","Unburned plots",1951,90
"518",1,800,1030,10,"Conservation","Unburned plots",1951,90
"518",0,670,NA,NA,"Conservation","Unburned plots",1951,90
"518",0,800,NA,NA,"Conservation","Unburned plots",1951,90
"518",0,650,NA,NA,"Conservation","Unburned plots",1951,90
"519",1,225,329,1,"Conservation","Burned plots",1884,50
"519",1,240,396,8,"Conservation","Burned plots",1884,50
"519",1,419,456,7,"Conservation","Burned plots",1884,50
"519",1,348,505,3,"Conservation","Burned plots",1884,50
"519",1,570,543,1,"Conservation","Burned plots",1884,50
"519",1,550,635,1,"Conservation","Burned plots",1884,50
"520",1,815,126,99,"Conservation","Unburned plots",1959,80
"520",1,400,184,40,"Conservation","Unburned plots",1959,80
"520",1,220,431,50,"Conservation","Unburned plots",1959,80
"520",1,360,490,10,"Conservation","Unburned plots",1959,80
"520",1,575,522,45,"Conservation","Unburned plots",1959,80
"520",1,505,587,65,"Conservation","Unburned plots",1959,80
"520",1,630,600,60,"Conservation","Unburned plots",1959,80
"520",1,750,638,55,"Conservation","Unburned plots",1959,80
"520",1,489,678,25,"Conservation","Unburned plots",1959,80
"520",1,575,733,6,"Conservation","Unburned plots",1959,80
"520",1,726,830,5,"Conservation","Unburned plots",1959,80
"520",1,825,960,5,"Conservation","Unburned plots",1959,80
"521",1,366,325,30,"Conservation","Burned plots",2018,5
"522",0,358,NA,NA,"Conservation","Burned plots",2077,10
"523",1,340,82,90,"Conservation","Burned plots",2190,20
"523",1,445,298,22,"Conservation","Burned plots",2190,20
"524",1,285,293,7,"Conservation","Burned plots",2068,30
"524",1,303,350,50,"Conservation","Burned plots",2068,30
"524",1,287,370,2,"Conservation","Burned plots",2068,30
"524",1,532,380,3,"Conservation","Burned plots",2068,30
"524",1,572,400,35,"Conservation","Burned plots",2068,30
"524",1,393,400,3,"Conservation","Burned plots",2068,30
"524",1,550,450,18,"Conservation","Burned plots",2068,30
"524",1,498,465,20,"Conservation","Burned plots",2068,30
"524",1,499,536,3,"Conservation","Burned plots",2068,30
"524",1,600,688,3,"Conservation","Burned plots",2068,30
"524",0,291,NA,NA,"Conservation","Burned plots",2068,30
"525",0,304,NA,NA,"Conservation","Burned plots",2130,10
"526",0,215,NA,NA,"Conservation","Burned plots",2140,5
"527",1,313,412,3,"Conservation","Unburned plots",2219,11
"530",1,320,362,20,"Conservation","Unburned plots",2426,10
